"full_name","neo","pha","a","e","i","om","w","ma","diameter","extent","rot_per","GM","n","epoch","moid","per_y","producer"
"  1566 Icarus (1949 MA)",Y,Y,1.078,0.8270,22.80,87.95,31.43,160.86,1.0,,2.2726,,0.8805,2460600.5,0.0342,1.12,"Otto Matic"
"  1620 Geographos (1951 RA)",Y,Y,1.246,0.3356,13.34,337.15,277.01,289.36,2.56,5.0x2.0x2.1,5.22204,,0.709,2460600.5,0.03,1.39,"Otto Matic"
"  1862 Apollo (1932 HA)",Y,Y,1.471,0.5599,6.35,35.56,286.03,252.87,1.5,,3.065,,0.5527,2460600.5,0.026,1.78,"Otto Matic"
"  1981 Midas (1973 EA)",Y,Y,1.776,0.6505,39.82,356.80,267.84,258.81,3.4,,5.22,,0.4163,2460600.5,0.00488,2.37,"Otto Matic"
"  2101 Adonis (1936 CA)",Y,Y,1.874,0.7642,1.32,349.43,43.69,230.82,0.6,,,,0.3842,2460600.5,0.0116,2.57,"Otto Matic"
"  2102 Tantalus (1975 YA)",Y,Y,1.29,0.2993,64.00,94.35,61.52,78.27,1.649,,2.384,,0.6726,2460600.5,0.0436,1.47,"Otto Matic"
"  2135 Aristaeus (1977 HA)",Y,Y,1.6,0.5030,23.07,191.11,290.97,202.31,,,,,0.4871,2460600.5,0.011,2.02,"Otto Matic"
"  2201 Oljato (1947 XC)",Y,Y,2.179,0.7107,2.52,74.87,98.37,334.42,1.80,,26,,0.3065,2460600.5,0.00259,3.22,"Otto Matic"
"  2340 Hathor (1976 UA)",Y,Y,0.8438,0.4500,5.86,211.29,40.10,53.40,0.3,,3.35,,1.272,2460600.5,0.00669,0.775,Giorgini
"  3122 Florence (1981 ET3)",Y,Y,1.769,0.4231,22.14,336.05,27.90,0.67,4.9,,2.3581,,0.4189,2460600.5,0.0449,2.35,"Otto Matic"
"  3200 Phaethon (1983 TB)",Y,Y,1.271,0.8898,22.31,265.10,322.31,248.98,6.25,,3.604,,0.6875,2460600.5,0.0187,1.43,"Otto Matic"
"  3361 Orpheus (1982 HR)",Y,Y,1.21,0.3229,2.66,188.68,302.34,24.54,0.3,,3.5327,,0.7401,2460600.5,0.0138,1.33,"Otto Matic"
"  3362 Khufu (1984 QA)",Y,Y,0.9895,0.4685,9.92,152.40,55.09,359.85,0.7,,,,1.001,2460600.5,0.0133,0.984,"Otto Matic"
"  3671 Dionysus (1984 KD)",Y,Y,2.2,0.5420,13.54,82.05,204.33,131.35,1.5,,2.7053,,0.302,2460600.5,0.022,3.26,"Otto Matic"
"  3757 Anagolay (1982 XB)",Y,Y,1.834,0.4459,3.87,74.93,17.24,293.70,0.5,,9.012,,0.3967,2460600.5,0.0372,2.48,"Otto Matic"
"  4015 Wilson-Harrington (1979 VA)",Y,Y,2.626,0.6312,2.80,266.73,95.52,181.75,4,,3.5736,,0.2317,2460600.5,0.0429,4.25,"Otto Matic"
"  4034 Vishnu (1986 PA)",Y,Y,1.06,0.4441,11.17,157.89,296.70,260.40,0.42,,44.4,,0.9037,2460600.5,0.0195,1.09,"Otto Matic"
"  4179 Toutatis (1989 AC)",Y,Y,2.543,0.6248,0.45,125.36,277.88,339.68,5.4,1.70x2.03x4.26,176.,,0.243,2460600.5,0.00649,4.06,"Otto Matic"
"  4183 Cuno (1959 LM)",Y,Y,1.981,0.6361,6.67,294.35,237.02,175.91,3.651,,3.5595,,0.3536,2460600.5,0.0281,2.79,"Otto Matic"
"  4450 Pan (1987 SY)",Y,Y,1.443,0.5866,5.52,311.70,291.94,192.17,,,56.48,,0.5689,2460600.5,0.0289,1.73,"Otto Matic"
"  4486 Mithra (1987 SB)",Y,Y,2.205,0.6620,3.04,82.18,169.12,156.61,1.849,"2.35 x 1.65 x 1.44",67.5,,0.3009,2460600.5,0.0462,3.28,"Otto Matic"
"  4581 Asclepius (1989 FC)",Y,Y,1.023,0.3570,4.92,180.20,255.38,212.12,,,8.008,,0.9531,2460600.5,0.00313,1.03,"Otto Matic"
"  4660 Nereus (1982 DB)",Y,Y,1.485,0.3587,1.45,313.11,159.54,191.96,0.33,,15.1749,,0.5446,2460600.5,0.00367,1.81,"Otto Matic"
"  4769 Castalia (1989 PB)",Y,Y,1.063,0.4832,8.88,325.51,121.44,324.11,1.4,,4.095,,0.8992,2460600.5,0.0205,1.1,"Otto Matic"
"  4953 (1990 MU)",Y,Y,1.621,0.6574,24.38,77.53,77.93,285.02,,,14.218,,0.4774,2460600.5,0.0259,2.06,"Otto Matic"
"  5011 Ptah (6743 P-L)",Y,Y,1.636,0.5001,7.41,10.63,105.94,173.66,,,56.3,,0.471,2460600.5,0.0252,2.09,"Otto Matic"
"  5189 (1990 UQ)",Y,Y,1.552,0.4783,3.58,135.05,159.95,257.64,,,6.653,,0.51,2460600.5,0.0448,1.93,"Otto Matic"
"  5604 (1992 FE)",Y,Y,0.9286,0.4061,4.71,311.89,82.68,269.92,0.55,,5.3375,,1.101,2460600.5,0.0333,0.895,"Otto Matic"
"  5693 (1993 EA)",Y,Y,1.271,0.5851,5.06,96.98,258.98,203.14,,,2.496,,0.6882,2460600.5,0.00577,1.43,"Otto Matic"
"  6037 (1988 EG)",Y,Y,1.272,0.4997,3.51,182.18,242.32,249.72,,,2.7602,,0.6874,2460600.5,0.0241,1.43,"Otto Matic"
"  6239 Minos (1989 QF)",Y,Y,1.151,0.4126,3.94,344.53,239.77,224.50,,,3.5558,,0.7982,2460600.5,0.0263,1.23,"Otto Matic"
"  6489 Golevka (1991 JX)",Y,Y,2.484,0.6151,2.27,209.42,68.66,151.88,0.53,,6.026,,0.2518,2460600.5,0.024,3.91,"Otto Matic"
"  6491 (1991 OA)",Y,Y,2.506,0.5917,6.00,301.00,324.73,142.22,,,2.69,,0.2484,2460600.5,0.0417,3.97,"Otto Matic"
"  7335 (1989 JA)",Y,Y,1.772,0.4846,15.17,61.28,232.27,349.17,1.8,,2.58988,,0.4178,2460600.5,0.0231,2.36,"Otto Matic"
"  7341 (1991 VK)",Y,Y,1.841,0.5061,5.41,294.73,173.48,37.89,0.982,,4.2096,,0.3944,2460600.5,0.0471,2.5,"Otto Matic"
"  7482 (1994 PC1)",Y,Y,1.349,0.3294,33.47,117.85,47.49,246.56,1.052,,2.5999,,0.6293,2460600.5,0.000596,1.57,"Otto Matic"
"  7753 (1988 XB)",Y,Y,1.467,0.4817,3.12,73.39,280.08,95.85,,,42.2,,0.5545,2460600.5,0.00655,1.78,"Otto Matic"
"  7822 (1991 CS)",Y,Y,1.123,0.1646,37.12,156.84,249.45,182.35,1.602,,2.3896,,0.8285,2460600.5,0.0226,1.19,"Otto Matic"
"  8014 (1990 MF)",Y,Y,1.747,0.4560,1.87,209.84,114.73,291.48,0.7,,50.09,,0.4268,2460600.5,0.0169,2.31,"Otto Matic"
"  8566 (1996 EN)",Y,Y,1.506,0.4302,37.97,164.12,125.13,90.11,1.568,,4.845,,0.5331,2460600.5,0.0214,1.85,"Otto Matic"
"  9856 (1991 EE)",Y,Y,2.242,0.6258,9.83,168.11,116.18,314.61,1.0,,3.045,,0.2935,2460600.5,0.0224,3.36,"Otto Matic"
" 10115 (1992 SK)",Y,Y,1.249,0.3250,15.32,8.89,233.69,84.54,0.938,,7.319,,0.7065,2460600.5,0.0444,1.4,"Otto Matic"
" 11500 Tomaiyowit (1989 UR)",Y,Y,1.08,0.3558,10.31,234.39,289.52,323.61,0.738,,73,,0.8783,2460600.5,0.0345,1.12,"Otto Matic"
" 12538 (1998 OH)",Y,Y,1.542,0.4058,24.54,220.69,321.79,317.04,1.663,,2.575,,0.5149,2460600.5,0.0269,1.91,"Otto Matic"
" 12923 Zephyr (1999 GK4)",Y,Y,1.963,0.4918,5.30,168.17,147.13,51.56,2.060,,3.893,,0.3584,2460600.5,0.0218,2.75,"Otto Matic"
" 13651 (1997 BR)",Y,Y,1.335,0.3057,17.25,116.63,133.86,262.62,0.562,,33.644,,0.6386,2460600.5,0.0139,1.54,"Otto Matic"
" 14827 Hypnos (1986 JK)",Y,Y,2.841,0.6649,1.98,57.93,238.19,21.63,0.9,,,,0.2058,2460600.5,0.0153,4.79,"Otto Matic"
" 16960 (1998 QS52)",Y,Y,2.201,0.8590,17.52,260.15,243.25,308.68,,,2.8985,,0.3019,2460600.5,0.0176,3.26,"Otto Matic"
" 20425 (1998 VD35)",Y,Y,1.565,0.4764,6.99,227.25,296.32,32.70,,,,,0.5035,2460600.5,0.0029,1.96,"Otto Matic"
" 22753 (1998 WT)",Y,Y,1.219,0.5699,3.20,307.36,324.80,165.33,,,10.24,,0.7324,2460600.5,0.0337,1.35,"Otto Matic"
" 23187 (2000 PN9)",Y,Y,1.847,0.5893,51.33,164.29,293.53,167.50,,,2.5325,,0.3926,2460600.5,0.0124,2.51,"Otto Matic"
" 25143 Itokawa (1998 SF36)",Y,Y,1.324,0.2803,1.62,69.08,162.82,142.57,0.33,0.535x0.294x0.209,12.132,2.1e-9,0.6469,2460600.5,0.0129,1.52,"Otto Matic"
" 26663 (2000 XK47)",Y,Y,1.546,0.4717,13.53,303.59,231.23,108.78,,,2.572,,0.5127,2460600.5,0.0342,1.92,"Otto Matic"
" 27002 (1998 DV9)",Y,Y,1.744,0.4333,8.70,130.34,0.82,203.62,,,,,0.428,2460600.5,0.00429,2.3,"Otto Matic"
" 29075 (1950 DA)",Y,Y,1.699,0.5077,12.16,356.59,224.76,223.31,1.3,,2.1216,,0.4451,2460600.5,0.0385,2.21,"Otto Matic"
" 31669 (1999 JT6)",Y,Y,2.137,0.5776,9.54,78.77,39.10,97.39,,,5.807,,0.3154,2460600.5,0.000451,3.12,"Otto Matic"
" 33342 (1998 WT24)",Y,Y,0.7187,0.4177,7.37,81.66,167.52,27.50,0.432,,3.697,,1.618,2460600.5,0.0109,0.609,"Otto Matic"
" 35107 (1991 VH)",Y,Y,1.137,0.1442,13.91,139.34,206.96,100.55,0.929,,2.6236,,0.8126,2460600.5,0.0255,1.21,"Otto Matic"
" 35396 (1997 XF11)",Y,Y,1.442,0.4837,4.10,213.65,103.04,272.13,0.704,,3.259,,0.5691,2460600.5,0.000394,1.73,"Otto Matic"
" 37638 (1993 VB)",Y,Y,1.913,0.5199,5.08,145.56,323.20,236.56,,,3.5301,,0.3725,2460600.5,0.000275,2.65,"Otto Matic"
" 37655 Illapa (1994 PM)",Y,Y,1.478,0.7525,18.03,139.52,303.90,254.99,,,2.6556,,0.5486,2460600.5,0.025,1.8,"Otto Matic"
" 38071 (1999 GU3)",Y,Y,2.089,0.5075,12.74,195.49,8.81,162.10,,,216,,0.3263,2460600.5,0.0333,3.02,"Otto Matic"
" 39572 (1993 DQ1)",Y,Y,2.036,0.4927,10.03,313.50,344.85,205.80,1.554,,,,0.3392,2460600.5,0.0282,2.91,"Otto Matic"
" 41429 (2000 GE2)",Y,Y,1.593,0.5553,2.17,351.91,297.20,42.91,0.204,,,,0.4903,2460600.5,0.0109,2.01,"Otto Matic"
" 52760 (1998 ML14)",Y,Y,2.409,0.6233,2.43,338.68,20.37,347.09,1.0,,14.28,,0.2636,2460600.5,0.0166,3.74,"Otto Matic"
" 52768 (1998 OR2)",Y,Y,2.38,0.5755,5.88,26.94,174.59,81.21,1.75,,4.112,,0.2685,2460600.5,0.00979,3.67,"Otto Matic"
" 53319 (1999 JM8)",Y,Y,2.724,0.6414,13.84,133.62,166.80,228.77,7.,,143.7,,0.2193,2460600.5,0.0245,4.49,"Otto Matic"
" 53426 (1999 SL5)",Y,Y,1.923,0.5391,22.77,239.06,43.36,167.90,,,5.03,,0.3696,2460600.5,0.0244,2.67,"Otto Matic"
" 53429 (1999 TF5)",Y,Y,2.022,0.6410,26.78,199.16,64.09,281.57,,,,,0.3429,2460600.5,0.0482,2.87,"Otto Matic"
" 53550 (2000 BF19)",Y,Y,1.495,0.4196,7.17,313.14,324.95,67.25,,,,,0.539,2460600.5,0.046,1.83,"Otto Matic"
" 53789 (2000 ED104)",Y,Y,1.371,0.2692,40.78,190.02,218.35,236.89,0.843,,43,,0.6142,2460600.5,0.0482,1.6,"Otto Matic"
" 65679 (1989 UQ)",Y,Y,0.9148,0.2647,1.30,178.08,15.01,195.92,0.918,,7.746,,1.126,2460600.5,0.014,0.875,"Otto Matic"
" 65690 (1991 DG)",Y,Y,1.428,0.3632,11.14,180.10,63.37,212.30,,,7.1125,,0.5777,2460600.5,0.0402,1.71,"Otto Matic"
" 65717 (1993 BX3)",Y,Y,1.395,0.2810,2.81,174.75,290.95,104.62,,,20.33,,0.5979,2460600.5,0.0481,1.65,"Otto Matic"
" 65803 Didymos (1996 GT)",Y,Y,1.643,0.3833,3.41,72.99,319.60,339.93,0.78,"0.797 x 0.783 x 0.761",2.2593,,0.4682,2460600.5,0.0398,2.11,"Steve Chesley"
" 65909 (1998 FH12)",Y,Y,1.091,0.5397,3.56,108.59,284.51,196.93,,,3,,0.8648,2460600.5,0.0126,1.14,"Otto Matic"
" 66391 Moshup (1999 KW4)",Y,Y,0.6424,0.6884,38.88,244.90,192.65,296.90,1.317,"1.532 x 1.495 x 1.347",2.7645,,1.914,2460600.5,0.0145,0.515,"Otto Matic"
" 67367 (2000 LY27)",Y,Y,1.308,0.2127,9.02,264.51,184.84,248.94,,,,,0.6585,2460600.5,0.0472,1.5,"Otto Matic"
" 67381 (2000 OL8)",Y,Y,1.321,0.5430,10.67,294.84,266.96,38.01,,,,,0.6495,2460600.5,0.0177,1.52,"Otto Matic"
" 68216 (2001 CV26)",Y,Y,1.32,0.3267,17.99,18.13,48.74,301.79,0.994,,2.429,,0.65,2460600.5,0.0241,1.52,"Otto Matic"
" 68346 (2001 KZ66)",Y,Y,1.507,0.4166,16.70,219.37,140.29,133.79,0.736,,4.987,,0.5326,2460600.5,0.0386,1.85,"Otto Matic"
" 68347 (2001 KB67)",Y,Y,0.9616,0.3799,17.13,245.86,243.82,352.38,,,6.354,,1.045,2460600.5,0.0137,0.943,"Otto Matic"
" 68372 (2001 PM9)",Y,Y,1.618,0.4160,8.11,252.96,322.33,157.97,,,,,0.4789,2460600.5,0.00376,2.06,"Otto Matic"
" 68548 (2001 XR31)",Y,Y,1.707,0.4368,22.72,302.02,24.71,186.50,1.182,,,,0.4419,2460600.5,0.0247,2.23,"Otto Matic"
" 68950 (2002 QF15)",Y,Y,1.057,0.3443,25.15,236.21,255.57,54.57,1.650,,45.24,,0.9069,2460600.5,0.00746,1.09,"Otto Matic"
" 69230 Hermes (1937 UB)",Y,Y,1.655,0.6239,6.07,34.05,92.90,279.39,,,13.894,,0.463,2460600.5,0.00431,2.13,"Otto Matic"
" 85182 (1991 AQ)",Y,Y,2.22,0.7777,3.12,339.40,243.23,59.27,1.1,,,,0.2979,2460600.5,0.0161,3.31,"Otto Matic"
" 85236 (1993 KH)",Y,Y,1.234,0.3110,12.81,54.36,293.82,252.62,,,5.057,,0.7192,2460600.5,0.000862,1.37,"Otto Matic"
" 85585 Mjolnir (1998 FG2)",Y,Y,1.298,0.3563,4.08,2.31,95.42,37.53,,,11.6,,0.6669,2460600.5,0.0218,1.48,"Otto Matic"
" 85640 (1998 OX4)",Y,Y,1.58,0.4859,4.52,299.57,117.30,15.27,,,,,0.4961,2460600.5,0.00102,1.99,"Otto Matic"
" 85713 (1998 SS49)",Y,Y,1.923,0.6388,10.79,40.95,103.13,239.57,3.484,,5.37,,0.3695,2460600.5,0.0039,2.67,"Otto Matic"
" 85774 (1998 UT18)",Y,Y,1.403,0.3288,13.59,64.62,50.15,178.64,0.939,,55.,,0.5932,2460600.5,0.0363,1.66,"Otto Matic"
" 85938 (1999 DJ4)",Y,Y,1.853,0.4846,9.14,19.87,197.79,41.94,,,2.5141,,0.3909,2460600.5,0.023,2.52,"Otto Matic"
" 85989 (1999 JD6)",Y,Y,0.8831,0.6329,17.07,130.15,309.25,338.43,1.462,,7.6638,,1.188,2460600.5,0.0475,0.83,"Otto Matic"
" 85990 (1999 JV6)",Y,Y,1.008,0.3111,5.36,124.30,235.57,312.19,0.451,,6.538,,0.9733,2460600.5,0.0316,1.01,"Otto Matic"
" 86039 (1999 NC43)",Y,Y,1.76,0.5789,7.13,311.62,120.81,217.35,2.22,,122.2,,0.4221,2460600.5,0.0243,2.33,"Otto Matic"
" 86819 (2000 GK137)",Y,Y,1.995,0.5059,10.06,164.88,150.30,212.48,0.802,,3.0239,,0.3497,2460600.5,0.0168,2.82,"Otto Matic"
" 87684 (2000 SY2)",Y,Y,0.8587,0.6428,19.22,162.01,47.81,182.98,,,2.5712,,1.239,2460600.5,0.0466,0.796,"Otto Matic"
" 88254 (2001 FM129)",Y,Y,1.182,0.6296,1.52,272.11,140.23,166.57,0.800,,38.56,,0.7666,2460600.5,0.01,1.29,"Otto Matic"
" 88959 (2001 TZ44)",Y,Y,1.724,0.5635,53.83,38.96,114.92,18.09,,,6.73,,0.4356,2460600.5,0.0491,2.26,"Otto Matic"
" 89136 (2001 US16)",Y,Y,1.356,0.2530,1.91,175.90,67.20,332.59,,,14.39,,0.6243,2460600.5,0.029,1.58,"Otto Matic"
" 89830 (2002 CE)",Y,Y,2.078,0.5070,43.65,19.90,5.84,253.27,5.067,,2.6149,,0.3291,2460600.5,0.0284,3,"Otto Matic"
" 89958 (2002 LY45)",Y,Y,1.642,0.8864,9.91,188.16,222.94,186.10,,,3.265,,0.4685,2460600.5,0.000553,2.1,"Otto Matic"
" 89959 (2002 NT7)",Y,Y,1.735,0.5284,42.36,132.00,300.71,206.61,1.407,,5.527,,0.4311,2460600.5,0.000874,2.29,"Otto Matic"
" 90075 (2002 VU94)",Y,Y,2.136,0.5755,8.91,226.73,30.77,128.37,2.233,,7.879,,0.3156,2460600.5,0.0281,3.12,"Otto Matic"
" 90403 (2003 YE45)",Y,Y,1.234,0.2802,19.01,286.23,306.85,341.08,0.572,,505.,,0.7186,2460600.5,0.0358,1.37,"Otto Matic"
" 90416 (2003 YK118)",Y,Y,1.695,0.4924,7.83,326.76,233.29,117.11,0.968,,43.58,,0.4467,2460600.5,0.00216,2.21,"Otto Matic"
" 99248 (2001 KY66)",Y,Y,1.867,0.5073,10.61,284.11,61.58,359.76,1.115,,19.7,,0.3864,2460600.5,0.048,2.55,"Otto Matic"
" 99942 Apophis (2004 MN4)",Y,Y,0.9224,0.1911,3.34,203.90,126.67,227.76,0.34,,30.56,,1.113,2460600.5,0.000613,0.886,"Davide Farnocchia"
"100085 (1992 UY4)",Y,Y,2.651,0.6190,2.64,305.18,42.24,158.29,,,12.906,,0.2284,2460600.5,0.0249,4.32,"Otto Matic"
"101869 (1999 MM)",Y,Y,1.624,0.6109,4.77,110.92,268.84,52.69,,,,,0.4762,2460600.5,0.00129,2.07,"Otto Matic"
"101955 Bennu (1999 RQ36)",Y,Y,1.126,0.2037,6.03,2.06,66.22,101.70,0.482,"0.5047 x 0.4918 x 0.4567",4.296061,4.8904e-9,0.8245,2455562.5,0.00322,1.2,"Davide Farnocchia"
"103067 (1999 XA143)",Y,Y,1.844,0.5812,38.56,116.52,104.10,289.32,1.282,,9.849,,0.3937,2460600.5,0.0422,2.5,"Otto Matic"
"111253 (2001 XU10)",Y,Y,1.754,0.4394,42.02,310.15,6.97,62.23,3.006,,,,0.4244,2460600.5,0.0287,2.32,"Otto Matic"
"136617 (1994 CC)",Y,Y,1.638,0.4169,4.68,268.51,24.92,103.64,,,2.3886,,0.4701,2460600.5,0.0152,2.1,"Otto Matic"
"136618 (1994 CN2)",Y,Y,1.573,0.3948,1.44,99.34,248.28,340.11,,,13,,0.4996,2460600.5,0.0127,1.97,"Otto Matic"
"136795 Tatsunokingo (1997 BQ)",Y,Y,1.747,0.4780,10.99,50.13,147.57,340.73,,,17.71,,0.4268,2460600.5,0.0342,2.31,"Otto Matic"
"136849 (1998 CS1)",Y,Y,1.492,0.5785,7.79,110.68,97.80,204.65,,,2.7653,,0.5411,2460600.5,0.0199,1.82,"Otto Matic"
"137108 (1999 AN10)",Y,Y,1.459,0.5621,39.93,314.34,268.33,177.03,,,5.041,,0.5595,2460600.5,0.000509,1.76,"Otto Matic"
"137120 (1999 BJ8)",Y,Y,1.901,0.5490,8.97,339.46,222.00,272.88,,,,,0.3761,2460600.5,0.0218,2.62,"Otto Matic"
"137126 (1999 CF9)",Y,Y,1.772,0.6012,5.55,156.87,90.54,280.89,,,,,0.4177,2460600.5,0.0181,2.36,"Otto Matic"
"137427 (1999 TF211)",Y,Y,2.44,0.6116,39.49,347.91,162.38,132.56,,,,,0.2586,2460600.5,0.0257,3.81,"Otto Matic"
"138095 (2000 DK79)",Y,Y,1.777,0.4145,60.69,43.46,2.58,220.12,,,4.243,,0.4162,2460600.5,0.0493,2.37,"Otto Matic"
"138127 (2000 EE14)",Y,Y,0.6618,0.5331,26.46,155.75,197.86,76.31,0.754,,2.586,,1.831,2460600.5,0.0219,0.538,"Otto Matic"
"138175 (2000 EE104)",Y,Y,1.004,0.2932,5.24,25.50,280.87,52.66,,,13.324,,0.9798,2460600.5,0.00828,1.01,"Otto Matic"
"138404 (2000 HA24)",Y,Y,1.139,0.3186,2.16,309.35,142.20,139.80,,,3.9077,,0.8111,2460600.5,0.0272,1.22,"Otto Matic"
"138524 (2000 OJ8)",Y,Y,2.358,0.5678,6.25,226.58,181.27,207.91,,,2.6835,,0.2722,2460600.5,0.0287,3.62,"Otto Matic"
"138727 (2000 SU180)",Y,Y,2.105,0.6052,11.92,327.89,136.32,289.27,,,,,0.3228,2460600.5,0.0335,3.05,"Otto Matic"
"138971 (2001 CB21)",Y,Y,1.034,0.3334,7.92,353.67,271.93,115.89,,,3.303,,0.9378,2460600.5,0.0232,1.05,"Otto Matic"
"139211 (2001 GN2)",Y,Y,1.86,0.4518,26.05,173.53,3.58,106.42,,,,,0.3886,2460600.5,0.0276,2.54,"Otto Matic"
"139359 (2001 ME1)",Y,Y,2.634,0.8700,5.96,84.57,302.40,138.82,,,,,0.2306,2460600.5,0.0134,4.27,"Otto Matic"
"139622 (2001 QQ142)",Y,Y,1.421,0.3101,9.34,83.16,337.95,190.84,,,,,0.5821,2460600.5,0.0117,1.69,Giorgini
"140039 (2001 SO73)",Y,Y,1.821,0.5679,4.85,197.14,31.03,222.91,,,,,0.401,2460600.5,0.0451,2.46,"Otto Matic"
"140158 (2001 SX169)",Y,Y,1.347,0.4608,2.52,126.78,42.73,94.39,0.566,,3.143,,0.6302,2460600.5,0.026,1.56,"Otto Matic"
"140288 (2001 SN289)",Y,Y,1.784,0.5082,53.19,357.06,225.64,344.42,1.263,,6.58,,0.4135,2460600.5,0.016,2.38,"Otto Matic"
"141053 (2001 XT1)",Y,Y,1.528,0.5795,2.73,316.21,31.39,67.95,,,,,0.5216,2460600.5,0.0412,1.89,"Otto Matic"
"141432 (2002 CQ11)",Y,Y,0.9762,0.4275,2.47,81.34,272.65,241.70,0.239,,2.605,,1.022,2460600.5,0.0194,0.965,"Otto Matic"
"141495 (2002 EZ11)",Y,Y,1.114,0.8021,2.35,51.88,317.78,194.78,,,2.327,,0.8382,2460600.5,0.000866,1.18,"Otto Matic"
"141525 (2002 FV5)",Y,Y,1.087,0.7245,34.04,38.84,308.11,251.11,,,14.45,,0.8697,2460600.5,0.0343,1.13,"Otto Matic"
"141527 (2002 FG7)",Y,Y,1.513,0.6268,9.20,187.48,247.69,82.57,,,6.306,,0.5295,2460600.5,0.0416,1.86,"Otto Matic"
"141593 (2002 HK12)",Y,Y,2.002,0.5287,2.35,306.98,2.25,301.23,,,12.69,,0.348,2460600.5,0.0237,2.83,"Otto Matic"
"141614 (2002 JV15)",Y,Y,1.624,0.5361,7.19,200.62,127.39,269.02,,,,,0.4763,2460600.5,0.0395,2.07,"Otto Matic"
"141851 (2002 PM6)",Y,Y,1.198,0.8501,19.13,304.00,224.53,11.09,,,,,0.7517,2460600.5,0.0384,1.31,"Otto Matic"
"143404 (2003 BD44)",Y,Y,1.968,0.6075,2.66,181.18,89.36,242.26,,,78.64,,0.3571,2460600.5,0.0178,2.76,"Otto Matic"
"143487 (2003 CR20)",Y,Y,2.124,0.7301,4.99,177.06,88.83,329.95,,,7.021,,0.3184,2460600.5,0.000297,3.1,"Otto Matic"
"143624 (2003 HM16)",Y,Y,1.967,0.5773,35.54,195.84,47.18,262.55,2.137,,32.1,,0.3573,2460600.5,0.0499,2.76,"Otto Matic"
"143649 (2003 QQ47)",Y,Y,1.085,0.1870,62.10,0.99,104.96,174.10,,,2.6446,,0.8717,2460600.5,0.00463,1.13,"Otto Matic"
"143651 (2003 QO104)",Y,Y,2.133,0.5262,11.62,58.17,183.60,335.50,,,114.4,,0.3163,2460600.5,0.00149,3.12,"Otto Matic"
"143992 (2004 AF)",Y,Y,1.971,0.5538,27.13,315.62,57.98,205.38,,,,,0.3562,2460600.5,0.0338,2.77,"Otto Matic"
"144332 (2004 DV24)",Y,Y,1.423,0.2898,55.89,171.13,186.41,206.42,,,7.985,,0.5806,2460600.5,0.00623,1.7,"Otto Matic"
"144898 (2004 VD17)",Y,Y,1.508,0.5886,4.22,223.98,90.98,306.24,,,3.369,,0.5323,2460600.5,0.00139,1.85,"Otto Matic"
"144900 (2004 VG64)",Y,Y,0.9683,0.6557,36.25,208.85,43.93,29.68,,,,,1.034,2460600.5,0.0279,0.953,"Otto Matic"
"152560 (1991 BN)",Y,Y,1.443,0.3979,3.45,268.81,80.99,256.49,,,3.49,,0.5683,2460600.5,0.021,1.73,"Otto Matic"
"152561 (1991 RB)",Y,Y,1.454,0.4857,19.58,359.29,68.96,279.78,,,,,0.5619,2460600.5,0.0384,1.75,"Otto Matic"
"152637 (1997 NC1)",Y,Y,0.8649,0.2085,16.72,96.46,16.59,115.84,,,,,1.225,2460600.5,0.0179,0.804,"Otto Matic"
"152664 (1998 FW4)",Y,Y,2.525,0.7143,3.42,353.60,85.47,264.00,,,17.38,,0.2456,2460600.5,0.0151,4.01,"Otto Matic"
"152671 (1998 HL3)",Y,Y,1.129,0.3659,2.68,163.64,188.16,286.27,0.298,,,,0.8216,2460600.5,0.0453,1.2,"Otto Matic"
"152680 (1998 KJ9)",Y,Y,1.448,0.6396,10.93,98.54,260.12,16.67,,,,,0.5658,2460600.5,0.0057,1.74,"Otto Matic"
"152685 (1998 MZ)",Y,Y,1.346,0.5729,0.15,122.28,39.24,349.07,,,,,0.631,2460600.5,0.00158,1.56,"Otto Matic"
"152754 (1999 GS6)",Y,Y,1.191,0.4974,2.02,314.42,134.97,283.40,0.414,,8.021,,0.7582,2460600.5,0.0189,1.3,"Otto Matic"
"152770 (1999 RR28)",Y,Y,1.879,0.6542,7.14,178.16,284.58,231.90,,,,,0.3828,2460600.5,0.0161,2.57,"Otto Matic"
"152828 (1999 VT25)",Y,Y,1.162,0.5231,5.15,221.94,319.24,253.70,,,,,0.7867,2460600.5,0.0483,1.25,"Otto Matic"
"152978 (2000 GJ147)",Y,Y,1.162,0.2367,25.01,57.85,240.80,134.02,0.531,,10.009,,0.7866,2460600.5,0.0239,1.25,"Otto Matic"
"153002 (2000 JG5)",Y,Y,1.341,0.7961,31.43,213.04,233.45,307.51,,,6.051,,0.635,2460600.5,0.0284,1.55,"Otto Matic"
"153201 (2000 WO107)",Y,Y,0.9111,0.7808,7.77,69.20,213.75,219.51,0.510,,5.022,,1.133,2460600.5,0.00292,0.87,"Otto Matic"
"153220 (2000 YN29)",Y,Y,2.542,0.6683,6.23,64.22,142.59,288.37,,,,,0.2431,2460600.5,0.0313,4.05,"Otto Matic"
"153311 (2001 MG1)",Y,Y,2.502,0.6459,28.40,142.33,218.52,304.13,,,,,0.2491,2460600.5,0.0384,3.96,"Otto Matic"
"153591 (2001 SN263)",Y,Y,1.988,0.4799,6.69,325.72,173.04,343.42,2,,3.423,,0.3517,2460600.5,0.0493,2.8,"Otto Matic"
"153814 (2001 WN5)",Y,Y,1.712,0.4670,1.92,277.35,44.67,110.47,0.932,,4.253,,0.4401,2460600.5,0.0015,2.24,"Otto Matic"
"153958 (2002 AM31)",Y,Y,1.703,0.4515,4.64,144.37,197.96,166.89,,,2.8174,,0.4435,2460600.5,0.0314,2.22,"Otto Matic"
"154019 (2002 CZ9)",Y,Y,1.325,0.3601,4.97,142.84,80.88,264.53,,,,,0.6459,2460600.5,0.026,1.53,"Otto Matic"
"154269 (2002 SM)",Y,Y,1.872,0.4865,14.40,10.78,217.51,300.04,,,,,0.3849,2460600.5,0.0251,2.56,"Otto Matic"
"154275 (2002 SR41)",Y,Y,1.084,0.4907,11.58,247.77,258.20,119.73,,,2.283,,0.8737,2460600.5,0.0355,1.13,"Otto Matic"
"154276 (2002 SY50)",Y,Y,1.704,0.6888,8.75,34.03,99.68,288.08,1.060,,4.823,,0.4429,2460600.5,0.00387,2.23,"Otto Matic"
"154302 (2002 UQ3)",Y,Y,1.72,0.5615,28.83,222.70,280.97,230.42,,,4.329,,0.4371,2460600.5,0.0404,2.25,"Otto Matic"
"154330 (2002 VX94)",Y,Y,1.477,0.4086,7.16,320.06,215.23,353.41,,,8.932,,0.5493,2460600.5,0.032,1.79,"Otto Matic"
"154590 (2003 MA3)",Y,Y,1.105,0.4022,1.42,152.67,228.88,56.99,0.086,,,,0.8484,2460600.5,0.0131,1.16,"Otto Matic"
"155338 (2006 MZ1)",Y,Y,1.569,0.4826,2.08,226.58,138.70,81.14,,,,,0.5014,2460600.5,0.013,1.97,"Otto Matic"
"159504 (2000 WO67)",Y,Y,2.433,0.6172,9.69,107.57,237.82,138.95,2.324,,7.84,,0.2597,2460600.5,0.0497,3.8,"Otto Matic"
"159857 (2004 LJ1)",Y,Y,2.263,0.5935,23.15,235.54,140.02,319.37,3.070,,2.72627,,0.2895,2460600.5,0.0159,3.4,"Otto Matic"
"161989 Cacus (1978 CA)",Y,Y,1.123,0.2139,26.06,161.21,102.09,338.81,1.9,,3.7538,,0.8285,2460600.5,0.0153,1.19,"Otto Matic"
"162000 (1990 OS)",Y,Y,1.678,0.4624,1.09,346.51,21.59,239.67,0.4,,2.536,,0.4532,2460600.5,0.00896,2.17,"Otto Matic"
"162039 (1996 JG)",Y,Y,1.802,0.6604,5.28,52.83,280.26,246.30,,,,,0.4076,2460600.5,0.0122,2.42,"Otto Matic"
"162082 (1998 HL1)",Y,Y,1.246,0.1870,20.05,213.53,148.66,228.22,,,11.7864,,0.7084,2460600.5,0.0416,1.39,"Otto Matic"
"162116 (1998 SA15)",Y,Y,1.916,0.5585,7.11,114.17,331.44,267.66,0.538,,,,0.3717,2460600.5,0.0465,2.65,"Otto Matic"
"162120 (1998 SH36)",Y,Y,1.088,0.5709,2.13,217.82,278.85,279.53,,,,,0.8687,2460600.5,0.012,1.13,"Otto Matic"
"162162 (1999 DB7)",Y,Y,1.206,0.1949,10.84,157.59,29.93,110.33,,,,,0.7444,2460600.5,0.00348,1.32,"Otto Matic"
"162173 Ryugu (1999 JU3)",Y,Y,1.191,0.1911,5.87,251.29,211.61,327.33,0.896,1.004x0.876,7.63262,3.00e-8,0.7583,2460600.5,0.00117,1.3,"Otto Matic"
"162183 (1999 NB5)",Y,Y,2.072,0.5351,1.43,235.31,123.19,143.03,,,,,0.3304,2460600.5,0.013,2.98,"Otto Matic"
"162210 (1999 SM5)",Y,Y,2.306,0.6950,5.19,327.62,319.31,82.39,,,6.23,,0.2815,2460600.5,0.0496,3.5,"Otto Matic"
"162361 (2000 AF6)",Y,Y,0.8758,0.4110,2.71,109.86,201.27,188.82,,,3.4558,,1.203,2460600.5,0.0227,0.82,"Otto Matic"
"162416 (2000 EH26)",Y,Y,1.855,0.4780,0.40,215.25,19.22,243.90,,,24,,0.3902,2460600.5,0.000924,2.53,"Otto Matic"
"162421 (2000 ET70)",Y,Y,0.9467,0.1238,22.32,331.12,46.07,31.49,,,8.947,,1.07,2460600.5,0.0317,0.921,"Otto Matic"
"162422 (2000 EV70)",Y,Y,1.207,0.5311,1.40,108.93,314.50,240.88,,,,,0.7431,2460600.5,0.012,1.33,"Otto Matic"
"162474 (2000 LB16)",Y,Y,1.241,0.3574,50.71,80.85,285.25,163.39,,,,,0.7132,2460600.5,0.00479,1.38,"Otto Matic"
"162510 (2000 QW69)",Y,Y,1.376,0.3023,38.14,344.33,220.73,91.40,1.406,,,,0.6105,2460600.5,0.0262,1.61,"Otto Matic"
"162567 (2000 RW37)",Y,Y,1.247,0.2501,13.75,333.29,133.29,12.21,0.335,,2.439,,0.7075,2460600.5,0.00905,1.39,"Otto Matic"
"162687 (2000 UH1)",Y,Y,1.875,0.5436,14.77,76.13,40.97,92.72,,,,,0.3838,2460600.5,0.0339,2.57,"Otto Matic"
"162695 (2000 UL11)",Y,Y,2.122,0.6354,2.19,333.18,152.12,246.49,,,,,0.3187,2460600.5,0.0229,3.09,"Otto Matic"
"162783 (2000 YJ11)",Y,Y,1.314,0.2323,7.26,64.92,339.16,327.02,,,,,0.6546,2460600.5,0.0302,1.51,"Otto Matic"
"162825 (2001 BO61)",Y,Y,1.773,0.7444,9.07,159.52,79.16,338.79,,,,,0.4174,2460600.5,0.0163,2.36,"Otto Matic"
"162882 (2001 FD58)",Y,Y,1.092,0.5752,6.50,341.15,46.02,348.46,,,,,0.8633,2460600.5,0.0328,1.14,"Otto Matic"
"162922 (2001 OY13)",Y,Y,1.319,0.3820,10.30,284.18,291.31,174.17,,,,,0.651,2460600.5,0.0131,1.51,"Otto Matic"
"162979 (2001 RA12)",Y,Y,2.037,0.5441,17.09,311.58,326.05,359.93,,,,,0.3391,2460600.5,0.0207,2.91,"Otto Matic"
"162998 (2001 SK162)",Y,Y,1.926,0.4743,1.68,285.29,186.45,181.51,0.875,,68,,0.3687,2460600.5,0.0301,2.67,"Otto Matic"
"163014 (2001 UA5)",Y,Y,1.787,0.4456,9.94,58.62,27.68,207.87,,,,,0.4125,2460600.5,0.032,2.39,"Otto Matic"
"163026 (2001 XR30)",Y,Y,1.297,0.3652,11.86,247.85,294.50,106.07,,,,,0.6672,2460600.5,0.0209,1.48,"Otto Matic"
"163051 (2001 YJ4)",Y,Y,2.274,0.5676,9.29,247.77,322.44,208.69,,,4.693,,0.2874,2460600.5,0.0316,3.43,"Otto Matic"
"163067 (2002 AP3)",Y,Y,2.046,0.5862,7.61,87.30,117.82,254.83,,,,,0.3368,2460600.5,0.0126,2.93,"Otto Matic"
"163132 (2002 CU11)",Y,Y,1.22,0.2952,48.78,157.74,110.53,229.17,0.460,,,,0.7317,2460600.5,0.000225,1.35,"Otto Matic"
"163243 (2002 FB3)",Y,Y,0.7616,0.6016,20.28,203.56,148.34,109.40,1.682,,6.231,,1.483,2460600.5,0.00238,0.665,"Otto Matic"
"163249 (2002 GT)",Y,Y,1.344,0.3347,6.97,201.73,135.14,59.89,,,3.7663,,0.6323,2460600.5,0.0157,1.56,"Otto Matic"
"163348 (2002 NN4)",Y,Y,0.8758,0.4345,5.42,259.43,222.21,207.78,0.735,,14.5,,1.202,2460600.5,0.00719,0.82,"Otto Matic"
"163364 (2002 OD20)",Y,Y,1.365,0.3689,4.19,259.85,275.35,84.09,,,2.42,,0.6179,2460600.5,0.0266,1.6,"Otto Matic"
"163373 (2002 PZ39)",Y,Y,1.469,0.5465,1.67,328.77,260.13,196.11,,,148.7,,0.5534,2460600.5,0.00261,1.78,"Otto Matic"
"163683 (2002 YP2)",Y,Y,1.577,0.6881,20.63,52.46,281.41,31.53,,,,,0.4976,2460600.5,0.0192,1.98,"Otto Matic"
"163697 (2003 EF54)",Y,Y,1.609,0.4728,2.95,268.45,353.79,176.37,,,,,0.4827,2460600.5,0.0419,2.04,"Otto Matic"
"163818 (2003 RX7)",Y,Y,1.229,0.3545,10.39,241.01,245.91,68.68,0.386,,5.649,,0.723,2460600.5,0.0264,1.36,"Otto Matic"
"163899 (2003 SD220)",Y,Y,0.8276,0.2100,8.54,273.71,326.99,128.47,0.791,,285,,1.309,2460600.5,0.0173,0.753,"Otto Matic"
"164121 (2003 YT1)",Y,Y,1.11,0.2920,44.06,38.31,91.00,235.13,1.717,,2.343,,0.843,2460600.5,0.0046,1.17,"Otto Matic"
"164202 (2004 EW)",Y,Y,0.988,0.2791,4.67,342.90,56.21,79.77,,,11.1,,1.004,2460600.5,0.024,0.982,"Otto Matic"
"164207 (2004 GU9)",Y,Y,1.001,0.1359,13.65,38.41,279.48,63.63,0.163,,,,0.9837,2460600.5,0.00017,1,"Otto Matic"
"164211 (2004 JA27)",Y,Y,1.666,0.4233,2.26,67.76,270.22,128.89,,,,,0.4583,2460600.5,0.0328,2.15,"Otto Matic"
"164216 (2004 OT11)",Y,Y,2.153,0.5651,19.99,294.89,326.60,167.15,,,,,0.3119,2460600.5,0.0164,3.16,"Otto Matic"
"164400 (2005 GN59)",Y,Y,1.657,0.4679,6.63,218.96,203.05,169.72,,,38.69,,0.4622,2460600.5,0.0497,2.13,"Otto Matic"
"168318 (1989 DA)",Y,Y,2.162,0.5417,6.49,349.07,139.82,83.00,0.9,,3.925,,0.31,2460600.5,0.0463,3.18,"Otto Matic"
"170086 (2002 XR14)",Y,Y,1.905,0.6260,2.13,75.48,120.49,69.28,,,,,0.3749,2460600.5,0.0114,2.63,"Otto Matic"
"170903 (2004 WS2)",Y,Y,1.336,0.6031,8.27,87.67,115.46,267.96,,,,,0.638,2460600.5,0.0303,1.54,"Otto Matic"
"171576 (1999 VP11)",Y,Y,1.086,0.5836,17.28,208.08,61.74,111.24,,,2.796,,0.8711,2460600.5,0.00221,1.13,"Otto Matic"
"171839 (2001 JM1)",Y,Y,1.46,0.3108,17.08,226.64,321.98,118.84,,,5.7516,,0.5584,2460600.5,0.0478,1.77,"Otto Matic"
"172678 (2003 YM137)",Y,Y,2.559,0.7028,2.82,73.98,131.02,326.04,,,,,0.2407,2460600.5,0.0154,4.09,"Otto Matic"
"173561 (2000 YV137)",Y,Y,1.448,0.3109,28.00,137.22,211.38,330.30,,,2.722,,0.5656,2460600.5,0.0199,1.74,"Otto Matic"
"175706 (1996 FG3)",Y,Y,1.055,0.3501,1.97,299.50,24.06,32.72,1.196,,3.5942,,0.9095,2460600.5,0.0281,1.08,"Otto Matic"
"175729 (1998 BB10)",Y,Y,1.271,0.4246,11.54,124.27,259.25,280.61,,,,,0.6875,2460600.5,0.0226,1.43,"Otto Matic"
"177049 (2003 EE16)",Y,Y,1.418,0.6143,0.65,127.23,259.50,5.13,,,,,0.5838,2460600.5,9.66e-05,1.69,"Otto Matic"
"177614 (2004 HK33)",Y,Y,1.889,0.5204,5.44,104.70,221.54,294.36,,,,,0.3796,2460600.5,0.00818,2.6,"Otto Matic"
"179806 (2002 TD66)",Y,Y,1.858,0.5347,4.93,335.53,125.88,220.46,,,9.455,,0.3892,2460600.5,0.00591,2.53,"Otto Matic"
"180186 (2003 QZ30)",Y,Y,2.422,0.6315,8.57,178.04,243.10,198.78,,,,,0.2615,2460600.5,0.0455,3.77,"Otto Matic"
"184266 (2004 VW14)",Y,Y,2.121,0.5977,3.83,100.83,42.78,140.17,,,2.5009,,0.319,2460600.5,0.00756,3.09,"Otto Matic"
"185851 (2000 DP107)",Y,Y,1.365,0.3765,8.67,358.65,289.77,62.22,0.863,"0.992 x 0.938 x 0.964",2.7754,3.224e-8,0.6179,2460600.5,0.0149,1.6,"Otto Matic"
"186844 (2004 GA1)",Y,Y,2.43,0.6726,7.77,261.48,54.63,114.88,,,,,0.2602,2460600.5,0.0174,3.79,"Otto Matic"
"187040 (2005 JS108)",Y,Y,1.355,0.3222,6.04,110.84,244.00,28.42,0.430,,,,0.6246,2460600.5,0.0196,1.58,"Otto Matic"
"189040 (2000 MU1)",Y,Y,1.372,0.3825,13.09,130.03,63.78,84.71,,,,,0.613,2460600.5,0.0112,1.61,"Otto Matic"
"189865 (2003 NC)",Y,Y,1.406,0.8055,21.57,288.39,224.33,315.33,,,,,0.5914,2460600.5,0.038,1.67,"Otto Matic"
"192559 (1998 VO)",Y,Y,1.075,0.2266,10.06,228.12,75.97,182.11,,,,,0.8845,2460600.5,0.0253,1.11,"Otto Matic"
"192563 (1998 WZ6)",Y,Y,1.452,0.4078,24.76,68.68,110.75,226.25,,,,,0.5633,2460600.5,0.036,1.75,"Otto Matic"
"194006 (2001 SG10)",Y,Y,1.449,0.4243,4.26,184.93,101.62,114.85,,,,,0.5651,2460600.5,0.0173,1.74,"Otto Matic"
"194268 (2001 UY4)",Y,Y,1.453,0.7875,5.44,160.69,107.81,74.45,1.244,,6.802,,0.5628,2460600.5,0.0259,1.75,"Otto Matic"
"196068 (2002 TW55)",Y,Y,2.118,0.6645,59.35,33.54,251.12,85.27,,,,,0.3198,2460600.5,0.026,3.08,"Otto Matic"
"196625 (2003 RM10)",Y,Y,1.848,0.5917,13.72,341.17,287.44,166.92,,,,,0.3924,2460600.5,0.00504,2.51,"Otto Matic"
"197588 (2004 HE12)",Y,Y,1.845,0.4659,42.71,338.03,162.22,69.47,,,,,0.3931,2460600.5,0.0122,2.51,"Otto Matic"
"199003 (2005 WJ56)",Y,Y,0.959,0.1521,21.62,288.02,297.65,207.09,,,4.3825,,1.049,2460600.5,0.0236,0.939,"Otto Matic"
"199145 (2005 YY128)",Y,Y,1.649,0.7323,3.77,299.96,315.17,261.48,,,,,0.4655,2460600.5,0.0297,2.12,"Otto Matic"
"199801 (2007 AE12)",Y,Y,1.684,0.5694,2.29,245.44,86.98,128.40,,,,,0.4509,2460600.5,0.00656,2.19,"Otto Matic"
"200840 (2001 XN254)",Y,Y,2.32,0.5609,1.94,264.07,278.72,132.26,,,,,0.2788,2460600.5,0.041,3.53,"Otto Matic"
"202683 (2006 US216)",Y,Y,0.6371,0.5624,3.44,193.26,56.42,257.35,,,,,1.938,2460600.5,0.044,0.509,"Otto Matic"
"206378 (2003 RB)",Y,Y,1.788,0.4389,6.72,317.13,44.07,287.00,0.376,,37.5,,0.4121,2460600.5,0.0449,2.39,"Otto Matic"
"206910 (2004 NL8)",Y,Y,2.574,0.7156,5.02,150.90,278.14,302.11,,,,,0.2387,2460600.5,0.0213,4.13,"Otto Matic"
"207398 (2006 AS2)",Y,Y,2.091,0.6419,2.60,125.63,80.07,49.89,,,4.48,,0.3261,2460600.5,0.00992,3.02,Giorgini
"207945 (1991 JW)",Y,Y,1.039,0.1186,8.71,53.85,301.95,92.10,0.423,,3.1499,,0.9305,2460600.5,0.0201,1.06,"Otto Matic"
"208023 (1999 AQ10)",Y,Y,0.9338,0.2354,6.50,326.97,300.57,33.11,,,2.67,,1.092,2460600.5,0.00653,0.902,"Otto Matic"
"208115 (2000 CT101)",Y,Y,1.299,0.3547,23.30,135.55,292.43,278.65,,,,,0.6654,2460600.5,0.0129,1.48,"Otto Matic"
"212546 (2006 SV19)",Y,Y,2.133,0.5152,7.35,116.20,182.55,317.31,,,,,0.3165,2460600.5,0.0188,3.11,"Otto Matic"
"214869 (2007 PA8)",Y,Y,2.849,0.6530,2.00,141.30,293.85,175.77,,,102.24,,0.2049,2460600.5,0.0304,4.81,"Otto Matic"
"215588 (2003 HF2)",Y,Y,1.114,0.6755,3.06,189.88,231.04,195.33,0.488,,,,0.8383,2460600.5,0.00324,1.18,"Otto Matic"
"216115 (2006 SU19)",Y,Y,1.527,0.5864,2.09,152.22,10.63,92.91,,,,,0.5223,2460600.5,0.0351,1.89,"Otto Matic"
"216258 (2006 WH1)",Y,Y,1.671,0.4849,2.63,240.31,263.68,65.58,,,7.3,,0.4561,2460600.5,0.0237,2.16,"Otto Matic"
"216523 (2001 HY7)",Y,Y,0.9136,0.4122,5.21,205.05,211.33,90.01,,,0.042,,1.129,2460600.5,0.0355,0.873,"Otto Matic"
"216985 (2000 QK130)",Y,Y,1.181,0.2620,4.72,173.81,66.40,358.14,,,,,0.7684,2460600.5,0.000899,1.28,"Otto Matic"
"217430 (2005 SN25)",Y,Y,1.23,0.2706,13.01,168.27,45.20,121.18,,,,,0.7225,2460600.5,0.0263,1.36,"Otto Matic"
"217628 Lugh (1990 HA)",Y,Y,2.527,0.7115,4.44,177.75,316.15,160.51,1.4,,8.55,,0.2453,2460600.5,0.0334,4.02,"Otto Matic"
"220839 (2004 VA)",Y,Y,1.901,0.5949,3.69,109.45,43.48,180.72,,,6.7906,,0.3761,2460600.5,0.0231,2.62,"Otto Matic"
"221455 (2006 BC10)",Y,Y,2.017,0.6577,0.92,21.04,234.30,142.51,,,,,0.344,2460600.5,0.00609,2.87,"Otto Matic"
"221980 (1996 EO)",Y,Y,1.342,0.4008,21.59,356.46,64.69,213.52,0.432,,,,0.6342,2460600.5,0.0336,1.55,"Otto Matic"
"226514 (2003 UX34)",Y,Y,1.095,0.6159,2.56,4.30,218.58,241.15,,,,,0.86,2460600.5,0.0151,1.15,"Otto Matic"
"226554 (2003 WR21)",Y,Y,1.118,0.2615,9.27,85.76,108.11,123.09,0.482,,13.404,,0.8334,2460600.5,0.0295,1.18,"Otto Matic"
"228368 (2000 WK10)",Y,Y,1.479,0.7020,14.73,57.93,244.51,150.90,,,,,0.548,2460600.5,0.0226,1.8,"Otto Matic"
"230111 (2001 BE10)",Y,Y,0.8231,0.3692,17.51,297.75,30.60,42.21,,,4.194,,1.32,2460600.5,0.0419,0.747,"Otto Matic"
"230549 (2003 BH)",Y,Y,1.457,0.3561,13.11,119.76,313.41,158.58,0.217,,,,0.5607,2460600.5,0.0292,1.76,"Otto Matic"
"231937 (2001 FO32)",Y,Y,1.699,0.8258,39.01,181.71,123.36,202.09,0.55,,39.905,,0.4451,2460600.5,0.00208,2.21,"Otto Matic"
"232691 (2004 AR1)",Y,Y,1.576,0.4695,9.08,336.51,50.31,206.69,,,,,0.4982,2460600.5,0.0313,1.98,"Otto Matic"
"234145 (2000 EW70)",Y,Y,0.9376,0.3213,5.43,178.03,125.77,294.52,0.344,,33,,1.086,2460600.5,0.0108,0.908,"Otto Matic"
"235756 (2004 VC)",Y,Y,1.133,0.2589,39.15,194.16,94.18,257.83,1.136,,7.18,,0.8169,2460600.5,0.0354,1.21,"Otto Matic"
"242216 (2003 RN10)",Y,Y,2.233,0.5407,39.66,267.16,4.73,128.79,,,,,0.2954,2460600.5,0.0119,3.34,"Otto Matic"
"242450 (2004 QY2)",Y,Y,1.084,0.4772,37.03,295.27,104.98,234.73,2.914,,,,0.8734,2460600.5,0.0462,1.13,"Otto Matic"
"242643 (2005 NZ6)",Y,Y,1.833,0.8652,8.41,38.79,48.96,237.52,1.989,,7.,,0.397,2460600.5,0.00589,2.48,"Otto Matic"
"242708 (2005 UK1)",Y,Y,2.501,0.6953,0.79,180.30,345.94,238.37,,,63.8,,0.2492,2460600.5,0.0109,3.95,"Otto Matic"
"243566 (1995 SA)",Y,Y,2.463,0.6420,19.58,169.02,54.30,255.75,0.881,,2.313,,0.2549,2460600.5,0.0407,3.87,"Otto Matic"
"244977 (2004 BE68)",Y,Y,1.761,0.4446,15.74,210.88,191.28,343.49,0.495,,,,0.4219,2460600.5,0.0107,2.34,"Otto Matic"
"247360 (2001 XU)",Y,Y,2.573,0.8366,19.07,260.98,286.06,181.52,,,,,0.2388,2460600.5,0.00607,4.13,"Otto Matic"
"250620 (2005 GE59)",Y,Y,2.109,0.6025,16.08,194.74,243.02,196.79,0.654,,5.354,,0.3218,2460600.5,0.0319,3.06,"Otto Matic"
"250680 (2005 QC5)",Y,Y,0.893,0.3645,9.45,48.05,108.72,64.80,0.398,,,,1.168,2460600.5,0.0476,0.844,"Otto Matic"
"250706 (2005 RR6)",Y,Y,2.957,0.7011,6.93,27.27,59.96,258.29,0.535,,7.,,0.1938,2460600.5,0.034,5.09,"Otto Matic"
"251346 (2007 SJ)",Y,Y,2.015,0.5332,8.18,306.76,175.25,271.06,,,2.718,,0.3447,2460600.5,0.0405,2.86,"Otto Matic"
"251722 (1997 US2)",Y,Y,1.675,0.6608,3.17,65.89,100.33,115.60,,,,,0.4547,2460600.5,0.00639,2.17,"Otto Matic"
"252399 (2001 TX44)",Y,Y,0.8748,0.5459,15.21,57.76,136.04,262.54,0.291,,,,1.205,2460600.5,0.00926,0.818,"Otto Matic"
"253841 (2003 YG118)",Y,Y,2.28,0.6461,8.03,347.42,233.54,330.41,,,2.27,,0.2863,2460600.5,0.0104,3.44,"Otto Matic"
"255071 (2005 UH6)",Y,Y,1.001,0.6325,2.64,19.29,200.25,53.56,,,,,0.9839,2460600.5,0.0233,1,"Otto Matic"
"260141 (2004 QT24)",Y,Y,1.133,0.2519,17.75,36.10,76.64,130.60,,,7.66,,0.8175,2460600.5,0.00771,1.21,"Otto Matic"
"263976 (2009 KD5)",Y,Y,1.046,0.2615,13.47,104.49,294.37,26.87,0.785,,2.664,,0.9211,2460600.5,0.0492,1.07,"Otto Matic"
"264357 (2000 AZ93)",Y,Y,0.7469,0.3600,8.59,277.30,8.17,311.13,0.113,,,,1.527,2460600.5,0.022,0.645,"Otto Matic"
"264993 (2003 DX10)",Y,Y,1.375,0.4108,3.15,61.75,194.06,95.46,,,,,0.6114,2460600.5,0.0445,1.61,"Otto Matic"
"265196 (2004 BW58)",Y,Y,1.455,0.3787,15.21,132.61,301.85,328.22,0.361,,6.479,,0.5617,2460600.5,0.0389,1.75,"Otto Matic"
"265482 (2005 EE)",Y,Y,1.129,0.3277,6.17,110.78,284.75,214.47,,,2.6534,,0.822,2460600.5,0.0181,1.2,"Otto Matic"
"267131 (2000 EK26)",Y,Y,2.41,0.6573,15.65,126.39,305.54,240.69,,,,,0.2635,2460600.5,0.00385,3.74,"Otto Matic"
"267221 (2001 AD2)",Y,Y,1.04,0.6598,1.64,210.54,111.95,235.31,0.562,,,,0.9292,2460600.5,0.00821,1.06,"Otto Matic"
"267337 (2001 VK5)",Y,Y,1.269,0.5140,19.43,54.22,263.93,64.72,0.439,,39.05,,0.6893,2460600.5,0.00065,1.43,"Otto Matic"
"267494 (2002 JB9)",Y,Y,2.719,0.7843,46.76,70.21,278.00,341.38,,,2.4261,,0.2199,2460600.5,0.0305,4.48,"Otto Matic"
"267720 (2003 CA)",Y,Y,1.379,0.7196,21.15,126.17,234.82,185.74,,,,,0.6085,2460600.5,0.0493,1.62,"Otto Matic"
"267729 (2003 FC5)",Y,Y,1.917,0.6087,5.83,188.76,271.26,64.82,,,129.5,,0.3714,2460600.5,0.0332,2.65,"Otto Matic"
"269690 (1996 RG3)",Y,Y,2.001,0.6037,3.58,158.05,300.27,297.31,0.888,,,,0.3482,2460600.5,0.0022,2.83,"Otto Matic"
"275677 (2000 RS11)",Y,Y,1.28,0.3205,17.10,172.16,301.69,146.18,,,4.444,,0.6804,2460600.5,0.00716,1.45,"Otto Matic"
"276033 (2002 AJ129)",Y,Y,1.37,0.9149,15.44,138.01,211.04,85.46,,,3.9333,,0.6144,2460600.5,0.00568,1.6,"Otto Matic"
"277475 (2005 WK4)",Y,Y,1.011,0.2374,9.84,138.11,74.13,83.30,,,2.595,,0.9702,2460600.5,0.00371,1.02,"Otto Matic"
"277570 (2005 YP180)",Y,Y,1.372,0.6170,4.11,288.91,92.47,276.63,0.439,,3.689,,0.613,2460600.5,0.0162,1.61,"Otto Matic"
"279744 (1998 KM3)",Y,Y,1.67,0.6108,4.66,263.02,85.36,37.82,,,,,0.4565,2460600.5,0.00233,2.16,"Otto Matic"
"279816 (2000 JE5)",Y,Y,1.238,0.4006,50.74,41.23,285.16,202.01,,,,,0.7154,2460600.5,0.0463,1.38,"Otto Matic"
"281375 (2008 JV19)",Y,Y,0.9856,0.2485,7.23,141.96,310.61,30.99,,,3.5,,1.007,2460600.5,0.0416,0.978,"Otto Matic"
"285263 (1998 QE2)",Y,Y,2.421,0.5728,12.88,250.07,345.69,9.29,,,4.749,,0.2616,2460600.5,0.0322,3.77,"Otto Matic"
"286080 (2001 TX1)",Y,Y,1.047,0.4825,2.80,159.14,354.18,86.91,,,,,0.9194,2460600.5,0.0424,1.07,"Otto Matic"
"288807 (2004 RW164)",Y,Y,1.49,0.3766,36.78,164.93,342.88,246.85,,,,,0.542,2460600.5,0.0497,1.82,"Otto Matic"
"289315 (2005 AN26)",Y,Y,2.32,0.6379,4.92,175.79,208.49,238.91,,,,,0.2789,2460600.5,0.0384,3.53,"Otto Matic"
"290772 (2005 VC)",Y,Y,2.085,0.5929,4.49,227.79,290.38,27.83,,,,,0.3274,2460600.5,0.0206,3.01,"Otto Matic"
"292220 (2006 SU49)",Y,Y,1.412,0.3117,2.52,303.06,199.10,153.84,,,,,0.5875,2460600.5,0.000603,1.68,"Otto Matic"
"294739 (2008 CM)",Y,Y,1.566,0.4080,36.01,279.54,130.69,196.87,0.740,,3.05785,,0.503,2460600.5,0.0447,1.96,"Otto Matic"
"297274 (1996 SK)",Y,Y,2.445,0.7905,1.97,195.51,286.33,113.57,1.199,,4.645,,0.2577,2460600.5,0.00627,3.82,"Otto Matic"
"297300 (1998 SC15)",Y,Y,1.273,0.4144,16.08,198.68,277.49,337.60,0.320,,15,,0.6863,2460600.5,0.000468,1.44,"Otto Matic"
"297418 (2000 SP43)",Y,Y,0.8115,0.4669,10.34,350.53,224.46,70.52,0.407,,6.314,,1.348,2460600.5,0.019,0.731,"Otto Matic"
"301844 (1990 UA)",Y,Y,1.642,0.5260,0.93,104.28,202.58,87.51,0.4,,,,0.4682,2460600.5,0.012,2.1,"Otto Matic"
"302169 (2001 TD45)",Y,Y,0.7966,0.7777,25.37,30.25,212.45,199.85,,,,,1.386,2460600.5,0.0273,0.711,"Otto Matic"
"302831 (2003 FH)",Y,Y,1.389,0.5406,25.80,24.12,274.37,5.07,,,13.97,,0.6021,2460600.5,0.0146,1.64,"Otto Matic"
"303450 (2005 BY2)",Y,Y,1.269,0.3306,7.29,74.44,130.28,240.46,0.187,,,,0.6893,2460600.5,0.0404,1.43,"Otto Matic"
"304330 (2006 SX217)",Y,Y,1.412,0.3103,21.04,32.60,176.24,92.72,0.780,,,,0.5876,2460600.5,0.0293,1.68,"Otto Matic"
"306383 (1993 VD)",Y,Y,0.8758,0.5515,2.07,2.17,254.24,6.11,,,0.94345,,1.202,2460600.5,0.0173,0.82,"Otto Matic"
"307005 (2001 XP1)",Y,Y,2.89,0.7528,39.21,268.07,246.31,215.45,,,,,0.2006,2460600.5,0.0169,4.91,"Otto Matic"
"308242 (2005 GO21)",Y,Y,0.7533,0.3400,24.93,272.67,156.64,164.27,,,11,,1.508,2460600.5,0.0428,0.654,"Otto Matic"
"308635 (2005 YU55)",Y,Y,1.157,0.4305,0.34,35.93,273.56,189.35,0.4,,18,,0.7921,2460600.5,0.000429,1.24,"Otto Matic"
"310442 (2000 CH59)",Y,Y,0.863,0.4231,3.25,213.44,109.76,86.13,,,6.0542,,1.229,2460600.5,0.0223,0.802,"Otto Matic"
"310560 (2001 QL142)",Y,Y,1.049,0.4991,26.60,165.55,72.15,267.48,0.654,,2.97387,,0.9168,2460600.5,0.0482,1.08,"Otto Matic"
"311044 (2004 BB103)",Y,Y,1.908,0.6220,55.86,271.07,71.49,332.19,,,,,0.3741,2460600.5,0.0331,2.63,"Otto Matic"
"311066 (2004 DC)",Y,Y,1.634,0.3996,19.46,74.90,156.37,296.12,,,2.5709,,0.472,2460600.5,0.00784,2.09,"Otto Matic"
"312070 (2007 TA19)",Y,Y,0.9539,0.5096,22.63,181.18,58.06,176.51,0.595,,,,1.058,2460600.5,0.0196,0.932,"Otto Matic"
"314082 Dryope (2005 CZ36)",Y,Y,2.235,0.5766,16.18,116.62,139.53,272.32,,,,,0.295,2460600.5,0.0158,3.34,"Otto Matic"
"314212 (2005 NJ1)",Y,Y,2.132,0.6511,6.46,316.16,82.62,45.75,,,,,0.3166,2460600.5,0.0229,3.11,"Otto Matic"
"317255 (2002 DJ5)",Y,Y,1.401,0.5678,6.43,347.86,296.19,161.26,,,2.6093,,0.5945,2460600.5,0.0402,1.66,"Otto Matic"
"325395 (2009 CQ5)",Y,Y,0.9327,0.0914,18.68,278.65,118.24,187.75,,,,,1.094,2460600.5,0.0472,0.901,"Otto Matic"
"326290 Akhenaten (1998 HE3)",Y,Y,0.879,0.4402,3.38,53.44,309.34,305.23,,,,,1.196,2460600.5,0.00313,0.824,"Otto Matic"
"329437 (2002 OA22)",Y,Y,0.9356,0.2432,6.89,174.04,318.64,335.65,,,2.6214,,1.089,2460600.5,0.0354,0.905,"Otto Matic"
"329614 (2003 KU2)",Y,Y,2.69,0.6770,5.40,105.21,246.81,272.06,,,3.278,,0.2234,2460600.5,0.027,4.41,"Otto Matic"
"330233 (2006 KV86)",Y,Y,1.543,0.3740,37.08,220.04,153.86,90.72,,,,,0.5142,2460600.5,0.00149,1.92,"Otto Matic"
"331876 (2004 CL)",Y,Y,1.284,0.5362,13.31,109.39,274.69,123.38,,,,,0.6772,2460600.5,0.0224,1.46,"Otto Matic"
"332446 (2008 AF4)",Y,Y,1.38,0.4101,8.93,109.31,293.35,146.62,,,3.0472,,0.6079,2460600.5,0.00212,1.62,"Otto Matic"
"333521 (2005 PO)",Y,Y,1.252,0.3731,12.51,300.48,249.55,346.44,,,,,0.7034,2460600.5,0.0167,1.4,"Otto Matic"
"333578 (2006 KM103)",Y,Y,1.573,0.3766,11.68,169.45,197.03,35.66,0.204,,5.737,,0.4994,2460600.5,0.0128,1.97,"Otto Matic"
"337075 (1998 QC1)",Y,Y,1.984,0.5901,9.65,308.34,115.47,101.77,,,,,0.3528,2460600.5,0.018,2.79,"Otto Matic"
"337558 (2001 SG262)",Y,Y,1.962,0.5829,4.82,359.03,100.26,115.78,,,,,0.3587,2460600.5,0.0304,2.75,"Otto Matic"
"341843 (2008 EV5)",Y,Y,0.9602,0.0827,7.45,93.23,235.84,63.75,0.40,,3.725,,1.048,2460600.5,0.0147,0.941,"Otto Matic"
"342866 (2008 YU32)",Y,Y,1.537,0.5955,3.41,232.57,83.97,142.65,,,,,0.5172,2460600.5,0.00636,1.91,"Otto Matic"
"344076 (1998 HJ3)",Y,Y,1.985,0.7463,6.56,223.55,94.19,137.52,,,,,0.3523,2460600.5,0.0108,2.8,"Otto Matic"
"348306 (2005 AY28)",Y,Y,0.8726,0.5702,5.88,117.47,155.97,328.78,,,,,1.209,2460600.5,0.0362,0.815,"Otto Matic"
"348314 (2005 BC)",Y,Y,1.19,0.2781,30.12,292.45,84.20,123.73,,,,,0.7595,2460600.5,0.0458,1.3,"Otto Matic"
"348400 (2005 JF21)",Y,Y,2.226,0.5351,10.84,132.18,206.14,270.24,,,2.4149,,0.2968,2460600.5,0.0484,3.32,"Otto Matic"
"349068 (2006 YT13)",Y,Y,1.323,0.4258,38.24,116.69,105.45,205.04,0.496,,2.433,,0.6478,2460600.5,0.0368,1.52,"Otto Matic"
"349507 (2008 QY)",Y,Y,1.168,0.5817,13.56,1.91,254.90,338.34,,,,,0.7809,2460600.5,0.0307,1.26,"Otto Matic"
"350523 (2000 EA14)",Y,Y,1.117,0.2026,3.56,203.83,206.06,39.54,,,,,0.8349,2460600.5,0.0434,1.18,"Otto Matic"
"350751 (2002 AW)",Y,Y,1.072,0.2567,0.57,161.76,119.33,42.35,,,4.647,,0.8886,2460600.5,0.00488,1.11,Giorgini
"352102 (2007 AG12)",Y,Y,2.09,0.6565,41.97,305.39,68.23,354.95,,,,,0.3261,2460600.5,0.0473,3.02,"Otto Matic"
"354182 (2002 DU3)",Y,Y,1.145,0.2383,8.71,0.61,245.59,102.40,,,4.4,,0.804,2460600.5,0.00623,1.23,"Otto Matic"
"356991 (1998 QA1)",Y,Y,2.102,0.5339,8.19,298.85,333.15,223.83,,,,,0.3233,2460600.5,0.00197,3.05,"Otto Matic"
"357022 (1999 YG3)",Y,Y,1.285,0.3295,34.52,293.25,250.24,318.54,0.432,,,,0.6769,2460600.5,0.0427,1.46,"Otto Matic"
"357024 (1999 YR14)",Y,Y,1.651,0.4000,3.73,2.98,9.70,285.74,0.255,,4.2477,,0.4644,2460600.5,0.0065,2.12,"Otto Matic"
"357028 (2000 EJ26)",Y,Y,1.383,0.6147,9.23,10.48,285.90,347.63,,,,,0.6062,2460600.5,0.008,1.63,"Otto Matic"
"357439 (2004 BL86)",Y,Y,1.502,0.4025,23.78,126.65,311.51,120.93,,,2.6205,,0.5352,2460600.5,0.00891,1.84,"Otto Matic"
"357594 (2004 XL35)",Y,Y,1.355,0.2784,27.30,73.75,356.21,210.77,,,,,0.6246,2460600.5,0.00644,1.58,"Otto Matic"
"357622 (2005 EY95)",Y,Y,1.084,0.5384,3.17,72.86,342.14,197.54,,,3.925,,0.8736,2460600.5,0.0401,1.13,"Otto Matic"
"358471 (2007 NS4)",Y,Y,1.875,0.5972,5.78,10.96,47.58,213.25,,,,,0.3839,2460600.5,0.0387,2.57,"Otto Matic"
"358744 (2008 CR118)",Y,Y,1.842,0.5118,3.92,121.42,157.22,180.30,,,,,0.3943,2460600.5,0.0286,2.5,"Otto Matic"
"359170 (2009 CN5)",Y,Y,1.545,0.4655,11.91,349.71,53.25,97.78,,,,,0.5133,2460600.5,0.0347,1.92,"Otto Matic"
"359369 (2009 YG)",Y,Y,2.15,0.6960,3.38,138.62,67.77,237.63,,,,,0.3126,2460600.5,0.0116,3.15,"Otto Matic"
"360191 (1988 TA)",Y,Y,1.54,0.4786,2.53,194.65,105.26,329.39,0.4,,,,0.5156,2460600.5,0.0058,1.91,"Otto Matic"
"361754 (2007 YV29)",Y,Y,1.373,0.3568,21.88,59.30,321.87,201.77,,,,,0.6124,2460600.5,0.0463,1.61,"Otto Matic"
"363024 (1998 OK1)",Y,Y,1.356,0.4293,13.99,109.64,298.64,160.98,0.558,,,,0.6241,2460600.5,0.0394,1.58,"Otto Matic"
"363027 (1998 ST27)",Y,Y,0.8198,0.5298,21.06,197.52,322.43,277.29,0.578,,3,,1.328,2460600.5,0.00992,0.742,"Otto Matic"
"363067 (2000 CO101)",Y,Y,1.076,0.0901,15.32,353.03,64.95,125.28,,,5.12,,0.8826,2460600.5,0.0224,1.12,"Otto Matic"
"363084 (2000 RD53)",Y,Y,1.787,0.4278,9.28,175.95,192.84,24.39,,,14.96,,0.4127,2460600.5,0.0245,2.39,"Otto Matic"
"363116 (2001 GQ2)",Y,Y,1.214,0.5030,21.82,37.11,280.30,153.15,,,,,0.7365,2460600.5,0.00439,1.34,"Otto Matic"
"363305 (2002 NV16)",Y,Y,1.239,0.2208,3.50,183.26,179.24,12.50,,,0.9067,,0.7148,2460600.5,0.0282,1.38,"Otto Matic"
"363344 (2002 QC7)",Y,Y,1.169,0.1960,26.80,336.01,184.47,354.54,,,,,0.7796,2460600.5,0.0476,1.26,"Otto Matic"
"363505 (2003 UC20)",Y,Y,0.7812,0.3369,3.78,187.93,60.16,266.87,1.876,,29.6,,1.427,2460600.5,0.0351,0.691,"Otto Matic"
"363599 (2004 FG11)",Y,Y,1.587,0.7236,3.14,83.45,228.81,69.50,0.152,,7.021,,0.4932,2460600.5,0.0204,2,"Otto Matic"
"363734 (2004 XN50)",Y,Y,1.681,0.7782,3.31,62.40,253.41,55.37,,,,,0.4521,2460600.5,0.00826,2.18,"Otto Matic"
"363790 (2005 JE46)",Y,Y,1.903,0.5523,8.27,238.33,114.77,90.46,,,,,0.3754,2460600.5,0.029,2.63,"Otto Matic"
"363831 (2005 PY16)",Y,Y,1.976,0.5250,6.41,159.31,193.53,327.45,0.371,,,,0.3549,2460600.5,0.0418,2.78,"Otto Matic"
"364136 (2006 CJ)",Y,Y,0.6766,0.7548,10.22,303.22,29.67,28.55,,,,,1.771,2460600.5,0.0254,0.557,"Otto Matic"
"365014 (2008 OX2)",Y,Y,1.048,0.6019,6.65,220.11,252.03,293.32,,,,,0.9193,2460600.5,0.0322,1.07,"Otto Matic"
"365071 (2009 AV)",Y,Y,1.03,0.0739,45.87,150.73,322.13,79.79,0.674,,,,0.9433,2460600.5,0.0195,1.04,"Otto Matic"
"365424 (2010 KX7)",Y,Y,0.9893,0.1709,21.49,46.46,61.93,331.91,0.212,,,,1.002,2460600.5,0.0343,0.984,"Otto Matic"
"366746 (2004 LJ)",Y,Y,1.087,0.4614,18.28,246.69,256.10,52.20,,,,,0.8702,2460600.5,0.027,1.13,"Otto Matic"
"366774 (2004 TB18)",Y,Y,1.815,0.4507,13.20,120.98,13.18,10.58,0.859,,,,0.4032,2460600.5,0.021,2.44,"Otto Matic"
"367248 (2007 MK13)",Y,Y,1.025,0.1397,19.88,95.08,259.97,185.35,0.386,,5.286,,0.9505,2460600.5,0.0322,1.04,"Otto Matic"
"367789 (2011 AG5)",Y,Y,1.424,0.3882,3.69,135.59,54.05,336.11,,,9.4357,,0.58,2460600.5,0.000169,1.7,"Otto Matic"
"368203 (2001 KO2)",Y,Y,2.479,0.6177,12.46,242.30,328.84,339.25,,,,,0.2524,2460600.5,0.00555,3.9,"Otto Matic"
"368565 (2004 FE5)",Y,Y,1.245,0.6005,18.30,189.40,243.47,337.80,,,,,0.7092,2460600.5,0.0355,1.39,"Otto Matic"
"369057 (2008 DK5)",Y,Y,1.555,0.6151,4.27,345.62,81.00,237.26,,,,,0.5084,2460600.5,0.00882,1.94,"Otto Matic"
"369264 (2009 MS)",Y,Y,2.005,0.5700,52.38,252.05,219.54,269.44,1.515,,,,0.3472,2460600.5,0.043,2.84,"Otto Matic"
"371660 (2007 CN26)",Y,Y,1.292,0.2693,7.59,159.27,135.69,231.68,0.230,,,,0.6708,2460600.5,0.00234,1.47,"Otto Matic"
"373135 (2011 SD173)",Y,Y,1.653,0.4974,4.39,203.12,59.49,122.83,1.050,,,,0.4638,2460600.5,0.00161,2.13,"Otto Matic"
"374038 (2004 HW)",Y,Y,2.691,0.6353,0.83,219.87,62.78,223.39,,,2.52,,0.2233,2460600.5,0.00924,4.41,"Otto Matic"
"374158 (2004 UL)",Y,Y,1.266,0.9266,23.85,39.47,149.68,319.04,,,38,,0.6916,2460600.5,0.0173,1.43,"Otto Matic"
"374851 (2006 VV2)",Y,Y,2.387,0.6054,23.73,9.82,145.04,280.26,,,2.425,,0.2673,2460600.5,0.012,3.69,"Otto Matic"
"374855 (2006 VQ13)",Y,Y,1.099,0.4458,16.70,233.68,73.80,251.14,,,,,0.855,2460600.5,0.00858,1.15,"Otto Matic"
"375054 (2007 PF6)",Y,Y,1.298,0.4164,25.60,316.33,251.27,279.71,,,,,0.6662,2460600.5,0.0294,1.48,"Otto Matic"
"375103 (2007 TD71)",Y,Y,1.286,0.2799,49.75,49.58,220.75,308.16,,,,,0.6757,2460600.5,0.0293,1.46,"Otto Matic"
"377097 (2002 WQ4)",Y,Y,1.958,0.5564,3.94,266.87,244.62,320.91,,,36,,0.3597,2460600.5,0.0194,2.74,"Otto Matic"
"377732 (2005 XJ8)",Y,Y,1.931,0.6204,23.56,115.79,67.46,337.57,0.986,,42.89,,0.3672,2460600.5,0.0148,2.68,"Otto Matic"
"378160 (2006 WX1)",Y,Y,0.9165,0.3003,11.64,327.96,290.95,314.59,,,,,1.123,2460600.5,0.0284,0.877,"Otto Matic"
"378358 (2007 LD)",Y,Y,1.726,0.4393,16.51,226.16,316.98,257.82,,,,,0.4346,2460600.5,0.0381,2.27,"Otto Matic"
"380636 (2004 XN14)",Y,Y,0.9314,0.2666,10.74,120.82,115.75,265.58,,,,,1.097,2460600.5,0.00245,0.899,"Otto Matic"
"380981 (2006 SU131)",Y,Y,1.727,0.3954,9.66,107.37,167.73,41.04,,,4.92,,0.4342,2460600.5,0.0337,2.27,"Otto Matic"
"381906 (2010 CL19)",Y,Y,1.543,0.6455,7.31,243.78,76.82,271.11,0.520,,3.5197,,0.5144,2460600.5,0.0114,1.92,"Otto Matic"
"382395 (1990 SM)",Y,Y,2.106,0.7639,11.61,136.17,107.74,81.91,,,,,0.3225,2460600.5,0.0319,3.06,"Otto Matic"
"382406 (1996 AJ1)",Y,Y,1.31,0.7814,2.54,90.94,238.33,121.03,,,,,0.6571,2460600.5,0.00487,1.5,"Otto Matic"
"382745 (2003 CC)",Y,Y,1.501,0.3268,2.32,136.29,103.24,225.18,,,,,0.5361,2460600.5,0.0364,1.84,"Otto Matic"
"382758 (2003 GY)",Y,Y,1.38,0.3172,4.67,321.79,334.15,36.00,,,,,0.6081,2460600.5,0.0228,1.62,"Otto Matic"
"382825 (2003 XB22)",Y,Y,1.405,0.3935,29.96,108.76,118.29,94.91,,,,,0.5916,2460600.5,0.0127,1.67,"Otto Matic"
"385186 (1994 AW1)",Y,Y,1.105,0.0755,24.10,290.34,37.13,315.17,0.811,,2.5193,,0.8485,2460600.5,0.0206,1.16,"Otto Matic"
"385252 (2001 EB18)",Y,Y,1.053,0.1837,50.06,155.46,101.92,231.63,,,,,0.9122,2460600.5,0.0287,1.08,"Otto Matic"
"385343 (2002 LV)",Y,Y,2.314,0.6052,29.53,132.15,224.23,100.45,1.359,,6.195,,0.2799,2460600.5,0.00784,3.52,"Otto Matic"
"385605 (2005 EJ225)",Y,Y,1.706,0.5736,8.86,341.99,290.71,230.95,,,,,0.4423,2460600.5,0.0176,2.23,"Otto Matic"
"386454 (2008 XM)",Y,Y,1.222,0.9093,5.45,240.61,27.39,301.03,0.367,,,,0.7295,2460600.5,0.00469,1.35,"Otto Matic"
"386847 (2010 LR33)",Y,Y,1.692,0.4625,5.83,352.07,333.22,169.15,0.663,,,,0.448,2460600.5,0.029,2.2,"Otto Matic"
"387505 (1998 KN3)",Y,Y,1.542,0.8734,2.29,313.24,71.25,248.78,1.060,,,,0.5146,2460600.5,0.0182,1.92,"Otto Matic"
"387668 (2002 SZ)",Y,Y,1.297,0.4335,22.89,346.84,276.56,22.88,,,,,0.6671,2460600.5,0.00223,1.48,"Otto Matic"
"387746 (2003 MH4)",Y,Y,1.964,0.5133,3.90,259.55,323.53,287.43,0.366,,,,0.358,2460600.5,0.00335,2.75,"Otto Matic"
"388188 (2006 DP14)",Y,Y,1.365,0.7762,11.77,317.11,59.34,277.05,,,5.7868,,0.6182,2460600.5,0.0162,1.59,"Otto Matic"
"388945 (2008 TZ3)",Y,Y,1.592,0.3919,8.69,43.95,219.68,61.87,,,39.15,,0.4906,2460600.5,0.0176,2.01,"Otto Matic"
"389694 (2011 QD48)",Y,Y,1.545,0.4921,19.07,358.79,106.79,216.68,0.451,,5.24,,0.5131,2460600.5,0.02,1.92,"Otto Matic"
"390725 (2003 HB)",Y,Y,0.8497,0.3805,18.11,70.36,306.76,347.31,0.293,,,,1.258,2460600.5,0.045,0.783,"Otto Matic"
"390929 (2005 GP21)",Y,Y,1.308,0.2246,18.80,9.99,1.42,195.68,,,,,0.6587,2460600.5,0.014,1.5,"Otto Matic"
"391211 (2006 HZ51)",Y,Y,1.897,0.4502,12.41,84.26,193.34,347.22,0.412,,,,0.3772,2460600.5,0.0355,2.61,"Otto Matic"
"395207 (2010 HQ80)",Y,Y,1.568,0.4893,27.85,218.47,66.30,79.78,0.724,,,,0.5019,2460600.5,0.00659,1.96,"Otto Matic"
"398188 Agni (2010 LE15)",Y,Y,0.8646,0.2733,13.25,134.18,328.62,122.49,0.462,,21.99,,1.226,2460600.5,0.0231,0.804,"Otto Matic"
"399457 (2002 PD43)",Y,Y,2.507,0.9563,25.94,315.04,210.99,223.99,,,,,0.2483,2460600.5,0.0266,3.97,"Otto Matic"
"399774 (2005 NB7)",Y,Y,2.044,0.5174,12.70,199.16,348.16,237.64,,,3.4882,,0.3372,2460600.5,0.00571,2.92,"Otto Matic"
"401856 (2000 KW43)",Y,Y,1.452,0.4779,24.27,82.62,63.60,18.63,,,,,0.563,2460600.5,0.0454,1.75,"Otto Matic"
"401954 (2002 RW25)",Y,Y,0.8245,0.2866,1.35,92.00,72.06,30.54,,,,,1.317,2460600.5,0.0166,0.749,"Otto Matic"
"403775 (2011 HS4)",Y,Y,0.9383,0.6801,5.46,117.48,314.28,27.41,,,,,1.084,2460600.5,0.00572,0.909,"Otto Matic"
"405212 (2003 QC10)",Y,Y,1.373,0.7313,5.04,359.96,120.87,17.92,,,15.27,,0.6124,2460600.5,0.00167,1.61,"Otto Matic"
"405762 (2005 YO180)",Y,Y,1.481,0.4480,5.77,7.72,87.75,181.60,,,,,0.5469,2460600.5,0.0376,1.8,"Otto Matic"
"406213 (2007 AB2)",Y,Y,1.919,0.5457,1.46,126.84,280.93,265.78,,,8.545,,0.3707,2460600.5,0.0131,2.66,"Otto Matic"
"408792 (2000 GF2)",Y,Y,1.341,0.3777,9.63,176.01,108.10,243.93,,,,,0.635,2460600.5,0.0108,1.55,"Otto Matic"
"409836 (2006 QY110)",Y,Y,1.924,0.5741,6.40,222.61,221.63,261.88,0.554,,,,0.3693,2460600.5,0.0318,2.67,"Otto Matic"
"410627 (2008 RG1)",Y,Y,1.316,0.4431,13.09,347.79,257.45,298.99,,,,,0.6528,2460600.5,0.0127,1.51,"Otto Matic"
"410778 (2009 FG19)",Y,Y,2.912,0.7191,54.50,187.51,120.40,17.41,1.457,,8,,0.1984,2460600.5,0.0256,4.97,"Otto Matic"
"412983 (1996 FO3)",Y,Y,1.442,0.2900,5.81,333.54,162.82,204.67,,,,,0.5692,2460600.5,0.043,1.73,"Otto Matic"
"413260 (2003 TL4)",Y,Y,0.7768,0.3814,12.19,220.00,321.98,114.35,,,27.2,,1.44,2460600.5,0.0251,0.685,"Otto Matic"
"413577 (2005 UL5)",Y,Y,0.9362,0.5697,14.32,58.86,127.80,237.61,,,3.4591,,1.088,2460600.5,0.00546,0.906,"Otto Matic"
"413989 (2007 EL88)",Y,Y,1.12,0.5218,30.84,198.44,116.16,235.72,,,,,0.832,2460600.5,0.0367,1.18,"Otto Matic"
"414286 (2008 OC6)",Y,Y,0.9231,0.1992,21.85,177.57,295.86,11.73,0.369,,,,1.111,2460600.5,0.03,0.887,"Otto Matic"
"414287 (2008 OB9)",Y,Y,3.203,0.7597,13.50,202.70,238.56,262.76,1.974,,42.5,,0.172,2460600.5,0.0123,5.73,"Otto Matic"
"414990 (2011 EM51)",Y,Y,1.321,0.3353,1.86,134.15,142.26,285.47,,,,,0.649,2460600.5,0.013,1.52,"Otto Matic"
"415029 (2011 UL21)",Y,Y,2.123,0.6536,34.89,275.32,285.00,50.22,,,2.732,,0.3187,2460600.5,0.0181,3.09,"Otto Matic"
"415713 (1998 XX2)",Y,Y,0.7411,0.3677,6.97,74.38,153.09,53.40,,,,,1.545,2460600.5,0.0156,0.638,"Otto Matic"
"415745 (2000 GV147)",Y,Y,1.747,0.4570,10.56,68.64,216.11,194.22,,,,,0.427,2460600.5,0.00187,2.31,"Otto Matic"
"416151 (2002 RQ25)",Y,Y,1.112,0.3064,4.57,10.46,225.74,34.37,,,12.191,,0.8408,2460600.5,0.0499,1.17,"Otto Matic"
"416195 (2002 TR190)",Y,Y,1.077,0.1599,26.92,24.21,104.79,171.49,,,,,0.8819,2460600.5,0.00678,1.12,"Otto Matic"
"416591 (2004 LC2)",Y,Y,1.865,0.7347,10.98,84.25,290.72,333.82,,,4.677,,0.3869,2460600.5,0.0284,2.55,"Otto Matic"
"416801 (2005 GC120)",Y,Y,1.193,0.4974,16.54,67.93,258.31,273.19,0.906,,9.,,0.7559,2460600.5,0.00586,1.3,"Otto Matic"
"417211 (2005 XL80)",Y,Y,1.727,0.4872,10.91,53.31,143.78,63.13,,,,,0.4343,2460600.5,0.0419,2.27,"Otto Matic"
"417217 (2005 YS)",Y,Y,0.7111,0.5504,19.60,288.59,327.92,331.29,,,,,1.644,2460600.5,0.0295,0.6,"Otto Matic"
"417419 (2006 KL21)",Y,Y,1.199,0.1274,9.35,117.19,214.19,281.96,,,,,0.7506,2460600.5,0.0489,1.31,"Otto Matic"
"417612 (2006 WQ29)",Y,Y,1.601,0.3938,8.07,111.97,136.61,114.76,,,,,0.4865,2460600.5,0.0208,2.03,"Otto Matic"
"417634 (2006 XG1)",Y,Y,2.458,0.5958,20.50,38.46,344.14,232.29,0.418,,,,0.2557,2460600.5,0.0148,3.85,"Otto Matic"
"417816 (2007 FA)",Y,Y,1.25,0.2657,16.33,156.40,135.44,132.23,,,,,0.7051,2460600.5,0.0278,1.4,"Otto Matic"
"417871 (2007 MB24)",Y,Y,1.876,0.6999,47.71,271.11,269.13,288.97,,,,,0.3835,2460600.5,0.0265,2.57,"Otto Matic"
"417949 (2007 TB23)",Y,Y,1.262,0.1977,38.29,40.10,173.86,173.05,,,,,0.6952,2460600.5,0.00795,1.42,"Otto Matic"
"418094 (2007 WV4)",Y,Y,1.486,0.4407,38.34,249.86,297.67,50.43,0.890,,9.929,,0.5439,2460600.5,0.0162,1.81,"Otto Matic"
"418135 (2008 AG33)",Y,Y,1.459,0.3367,16.01,38.29,155.54,156.61,,,,,0.5594,2460600.5,0.0144,1.76,"Otto Matic"
"418416 (2008 LV16)",Y,Y,2.089,0.6255,4.72,236.47,121.97,125.34,,,,,0.3265,2460600.5,0.00624,3.02,"Otto Matic"
"418849 (2008 WM64)",Y,Y,1.006,0.1064,33.52,91.43,256.77,5.97,,,2.4055,,0.9769,2460600.5,0.0356,1.01,"Otto Matic"
"419472 (2010 DW1)",Y,Y,1.225,0.2002,23.77,157.11,9.65,286.45,0.459,,,,0.7269,2460600.5,0.00625,1.36,"Otto Matic"
"419624 (2010 SO16)",Y,Y,1.004,0.0754,14.51,40.35,109.24,202.51,0.357,,,,0.9799,2460600.5,0.0307,1.01,"Otto Matic"
"419880 (2011 AH37)",Y,Y,2.548,0.6721,9.66,102.04,322.40,156.59,0.982,,,,0.2423,2460600.5,0.0348,4.07,"Otto Matic"
"420210 (2011 HF)",Y,Y,1.284,0.2346,10.62,204.88,149.66,327.18,,,,,0.6778,2460600.5,0.0106,1.45,"Otto Matic"
"422686 (2000 AC6)",Y,Y,0.8537,0.2864,4.70,101.36,188.07,335.02,0.176,,2.4437,,1.25,2460600.5,0.0462,0.789,"Otto Matic"
"422699 (2000 PD3)",Y,Y,1.999,0.5920,7.70,298.64,110.23,171.27,0.619,,42.484,,0.3488,2460600.5,0.0274,2.83,"Otto Matic"
"422787 (2001 WS1)",Y,Y,2.591,0.6184,13.24,1.29,5.23,175.00,,,,,0.2363,2460600.5,0.0124,4.17,"Otto Matic"
"423321 (2005 ED318)",Y,Y,1.85,0.4501,2.39,82.04,164.35,255.47,0.202,,17.157,,0.3916,2460600.5,0.00938,2.52,"Otto Matic"
"423709 (2006 BQ6)",Y,Y,1.472,0.4049,13.00,307.62,304.80,96.61,,,4.416,,0.552,2460600.5,0.00933,1.79,"Otto Matic"
"424482 (2008 DG5)",Y,Y,1.255,0.2426,5.71,244.01,59.72,166.89,,,,,0.7007,2460600.5,0.0193,1.41,"Otto Matic"
"425755 (2011 CP4)",Y,Y,0.9116,0.8703,9.47,147.98,159.93,146.37,,,,,1.132,2460600.5,0.0193,0.87,"Otto Matic"
"428209 (2006 VC)",Y,Y,1.942,0.4920,12.25,87.53,19.22,207.28,,,7.8,,0.3642,2460600.5,0.0195,2.71,"Otto Matic"
"429094 (2009 SG2)",Y,Y,1.121,0.1702,25.98,9.07,252.98,327.80,,,,,0.8305,2460600.5,0.0373,1.19,"Otto Matic"
"429584 (2011 EU29)",Y,Y,2.503,0.6999,2.57,177.14,251.23,175.49,,,43.5,,0.2489,2460600.5,0.00327,3.96,"Otto Matic"
"430440 (2000 OH)",Y,Y,2.421,0.5931,18.75,283.62,355.55,156.99,,,,,0.2617,2460600.5,0.0293,3.77,"Otto Matic"
"430544 (2002 GM2)",Y,Y,2.201,0.8068,3.35,338.95,84.77,355.67,,,2.633,,0.3019,2460600.5,0.011,3.26,"Otto Matic"
"430804 (2005 AD13)",Y,Y,1.949,0.7549,12.38,102.74,263.66,115.72,,,,,0.3621,2460600.5,0.0174,2.72,"Otto Matic"
"433953 (1997 XR2)",Y,Y,1.076,0.2008,7.19,250.66,84.65,91.54,0.259,,9.3205,,0.8828,2460600.5,0.000622,1.12,"Otto Matic"
"434096 (2002 GO5)",Y,Y,1.896,0.7679,13.77,22.60,65.35,244.76,0.528,,,,0.3776,2460600.5,0.0319,2.61,"Otto Matic"
"434188 (2003 AD23)",Y,Y,1.645,0.7627,23.34,101.48,241.67,152.29,,,,,0.4671,2460600.5,0.0329,2.11,"Otto Matic"
"434196 (2003 HG2)",Y,Y,1.062,0.1346,19.78,214.24,225.40,345.51,,,,,0.9002,2460600.5,0.0398,1.09,"Otto Matic"
"434326 (2004 JG6)",Y,Y,0.6352,0.5311,18.94,37.01,353.01,336.94,,,,,1.947,2460600.5,0.0374,0.506,"Otto Matic"
"434633 (2005 WB1)",Y,Y,1.264,0.3554,22.88,61.41,265.73,164.11,0.310,,,,0.6937,2460600.5,0.0478,1.42,"Otto Matic"
"434677 (2006 BZ7)",Y,Y,1.49,0.3665,68.42,262.95,188.79,101.09,,,,,0.5419,2460600.5,0.0369,1.82,"Otto Matic"
"434734 (2006 FX)",Y,Y,1.495,0.4380,24.64,181.15,299.49,83.19,,,,,0.5392,2460600.5,0.00057,1.83,"Otto Matic"
"435159 (2007 LQ19)",Y,Y,2.605,0.6299,17.06,110.83,207.69,40.28,,,,,0.2344,2460600.5,0.00569,4.21,"Otto Matic"
"435548 (2008 QT3)",Y,Y,2.012,0.5285,7.25,271.90,160.98,196.12,,,,,0.3453,2460600.5,0.011,2.85,"Otto Matic"
"436329 (2010 GX62)",Y,Y,2.971,0.6990,21.83,206.93,317.00,316.16,0.622,,,,0.1925,2460600.5,0.00282,5.12,"Otto Matic"
"436671 (2011 SV71)",Y,Y,2.628,0.6102,13.42,80.59,190.53,63.01,2.159,,,,0.2313,2460600.5,0.0164,4.26,"Otto Matic"
"436724 (2011 UW158)",Y,Y,1.621,0.3765,4.57,285.95,8.82,174.09,,,0.61073,,0.4777,2460600.5,0.00175,2.06,"Otto Matic"
"436774 (2012 KY3)",Y,Y,1.232,0.4864,21.39,21.51,87.25,78.98,,,,,0.7212,2460600.5,0.0229,1.37,"Otto Matic"
"437841 (1998 HD14)",Y,Y,0.9633,0.3126,7.81,183.76,260.91,94.39,,,,,1.042,2460600.5,0.0334,0.945,"Otto Matic"
"437844 (1999 MN)",Y,Y,0.674,0.6654,2.03,81.42,9.18,115.02,,,5.495,,1.781,2460600.5,0.00604,0.553,Giorgini
"437905 (2001 XU30)",Y,Y,2.198,0.6637,8.93,72.00,107.12,348.02,,,,,0.3026,2460600.5,0.00449,3.26,"Otto Matic"
"438105 (2005 GO22)",Y,Y,1.914,0.8234,1.56,61.76,19.09,153.06,,,4.103,,0.3722,2460600.5,0.0186,2.65,"Otto Matic"
"438661 (2008 EP6)",Y,Y,1.209,0.2932,17.72,303.22,130.30,231.82,,,,,0.7415,2460600.5,0.0463,1.33,"Otto Matic"
"438908 (2009 XO)",Y,Y,1.859,0.5434,0.35,27.95,140.52,287.57,,,,,0.3889,2460600.5,0.00184,2.53,"Otto Matic"
"438955 (2010 LN14)",Y,Y,1.154,0.4746,1.47,342.96,33.25,138.77,,,3.842,,0.7953,2460600.5,0.0181,1.24,"Otto Matic"
"439313 (2012 VE82)",Y,Y,2.11,0.5437,9.92,110.40,186.45,12.64,,,,,0.3215,2460600.5,0.0481,3.07,"Otto Matic"
"439437 (2013 NK4)",Y,Y,1.023,0.5499,6.55,33.70,50.57,233.00,,,,,0.9531,2460600.5,0.0154,1.03,"Otto Matic"
"439877 (1999 XM141)",Y,Y,1.236,0.3691,21.62,72.98,105.80,337.80,,,,,0.7172,2460600.5,0.0326,1.37,"Otto Matic"
"440212 (2004 OB)",Y,Y,1.681,0.4304,3.44,174.52,223.35,55.29,,,,,0.4523,2460600.5,0.0116,2.18,"Otto Matic"
"441641 (2008 WZ13)",Y,Y,1.995,0.5625,8.20,51.73,133.93,165.73,,,,,0.3498,2460600.5,0.0123,2.82,"Otto Matic"
"441987 (2010 NY65)",Y,Y,1.003,0.3701,11.54,267.92,252.07,175.65,0.228,,4.9706,,0.9805,2460600.5,0.0171,1.01,"Otto Matic"
"442037 (2010 PR66)",Y,Y,2.927,0.6872,17.60,292.75,319.52,310.29,0.695,,2.0734,,0.1968,2460600.5,0.000703,5.01,"Otto Matic"
"442523 (2011 WU95)",Y,Y,1.667,0.4245,6.72,67.67,242.41,75.48,,,,,0.458,2460600.5,0.0482,2.15,"Otto Matic"
"443103 (2013 WT67)",Y,Y,1.035,0.1922,21.47,322.75,99.03,159.08,,,135,,0.9362,2460600.5,0.0137,1.05,"Otto Matic"
"443806 (1998 FL3)",Y,Y,1.26,0.2478,26.39,180.10,121.34,192.54,0.288,,,,0.6969,2460600.5,0.0402,1.41,"Otto Matic"
"443880 (2001 UZ16)",Y,Y,1.76,0.4263,12.67,323.10,28.63,320.12,0.228,,13.719,,0.422,2460600.5,0.0308,2.34,"Otto Matic"
"444004 (2004 AS1)",Y,Y,1.07,0.1744,17.21,322.53,262.12,174.80,,,,,0.8899,2460600.5,0.024,1.11,"Otto Matic"
"444193 (2005 SE71)",Y,Y,1.069,0.1944,24.83,39.10,78.29,22.73,0.437,,66.8,,0.8911,2460600.5,0.00214,1.11,"Otto Matic"
"444584 (2006 UK)",Y,Y,1.494,0.5389,4.75,243.92,252.35,255.97,,,5.721,,0.5398,2460600.5,0.014,1.83,"Otto Matic"
"445305 (2010 DM56)",Y,Y,1.306,0.2927,25.60,349.61,48.17,350.69,0.762,,,,0.6601,2460600.5,0.00644,1.49,"Otto Matic"
"445974 (2013 BJ18)",Y,Y,1.478,0.3640,3.71,90.82,159.61,98.51,,,,,0.5486,2460600.5,0.025,1.8,"Otto Matic"
"446791 (1998 SJ70)",Y,Y,2.237,0.7056,7.30,21.43,246.99,304.35,,,19.15,,0.2945,2460600.5,0.0271,3.35,"Otto Matic"
"446862 (2001 VB76)",Y,Y,1.459,0.3483,4.24,259.39,248.50,307.50,,,,,0.5594,2460600.5,0.0429,1.76,"Otto Matic"
"447755 (2007 JX2)",Y,Y,1.708,0.5261,4.22,44.31,87.95,320.24,,,,,0.4414,2460600.5,0.0324,2.23,"Otto Matic"
"448003 (2008 DE)",Y,Y,1.714,0.4140,14.77,55.91,179.20,114.00,,,,,0.4392,2460600.5,0.00495,2.24,"Otto Matic"
"448721 (2011 BN24)",Y,Y,1.544,0.4125,3.94,195.74,61.85,328.23,,,8,,0.5137,2460600.5,0.0163,1.92,"Otto Matic"
"450142 (1998 XN2)",Y,Y,1.998,0.5420,1.79,255.19,127.00,66.15,,,,,0.3489,2460600.5,0.00817,2.82,"Otto Matic"
"450263 (2003 WD158)",Y,Y,1.426,0.4091,16.73,92.20,102.39,17.09,,,1540.,,0.5785,2460600.5,0.0476,1.7,"Otto Matic"
"450270 (2004 AE)",Y,Y,1.432,0.3326,18.72,307.56,193.19,30.60,,,,,0.5754,2460600.5,0.0213,1.71,"Otto Matic"
"450293 (2004 LV3)",Y,Y,1.231,0.2757,35.34,273.47,121.35,237.45,,,,,0.7213,2460600.5,0.0115,1.37,"Otto Matic"
"450300 (2004 QD14)",Y,Y,0.9417,0.3378,6.25,75.25,109.35,125.12,,,,,1.079,2460600.5,0.0137,0.914,"Otto Matic"
"450894 (2008 BT18)",Y,Y,2.22,0.5946,8.15,107.53,139.40,338.58,,,2.5702,,0.2981,2460600.5,0.0124,3.31,"Otto Matic"
"451003 (2008 UD1)",Y,Y,1.716,0.4637,6.48,154.19,6.69,308.36,,,,,0.4386,2460600.5,0.049,2.25,"Otto Matic"
"451124 (2009 KC3)",Y,Y,3.209,0.6984,10.01,340.11,337.28,231.75,2.188,,,,0.1715,2460600.5,0.00631,5.75,"Otto Matic"
"451157 (2009 SQ104)",Y,Y,1.285,0.2795,4.02,56.52,95.68,352.48,,,,,0.6769,2460600.5,0.0387,1.46,"Otto Matic"
"451297 (2010 TK54)",Y,Y,1.84,0.4960,30.79,28.14,223.01,316.01,,,,,0.3949,2460600.5,0.014,2.5,"Otto Matic"
"451370 (2011 AK5)",Y,Y,1.188,0.2308,5.52,316.78,325.69,57.90,,,,,0.7613,2460600.5,0.0376,1.29,"Otto Matic"
"452302 (1995 YR1)",Y,Y,1.698,0.8268,3.58,106.52,110.04,335.76,,,5.006,,0.4453,2460600.5,0.0139,2.21,"Otto Matic"
"452376 (2002 AC5)",Y,Y,1.76,0.4937,16.55,82.37,331.72,290.44,,,,,0.4221,2460600.5,0.0475,2.34,"Otto Matic"
"452807 (2006 KV89)",Y,Y,1.15,0.2726,3.55,71.69,87.81,19.64,,,,,0.7993,2460600.5,0.0142,1.23,"Otto Matic"
"453563 (2010 BB)",Y,Y,0.8201,0.2775,10.02,279.70,29.00,82.29,,,,,1.327,2460600.5,0.0116,0.743,"Otto Matic"
"453707 (2010 XY72)",Y,Y,1.133,0.2287,31.48,34.42,307.01,210.45,0.495,,13.248,,0.8171,2460600.5,0.0473,1.21,"Otto Matic"
"453729 (2011 BO24)",Y,Y,1.381,0.2780,20.37,91.47,178.61,40.06,,,,,0.6076,2460600.5,0.0183,1.62,"Otto Matic"
"453778 (2011 JK)",Y,Y,1.911,0.4646,6.70,203.31,11.10,22.86,,,2.4567,,0.3731,2460600.5,0.0249,2.64,"Otto Matic"
"454094 (2013 BZ45)",Y,Y,1.015,0.1448,11.85,131.05,98.76,96.20,0.167,,0.4831,,0.9638,2460600.5,0.0257,1.02,"Otto Matic"
"454100 (2013 BO73)",Y,Y,1.331,0.4182,4.54,24.78,298.15,356.14,0.548,,1.1,,0.6415,2460600.5,0.0178,1.54,"Otto Matic"
"454101 (2013 BP73)",Y,Y,1.328,0.6287,6.85,80.03,251.89,323.38,,,,,0.6437,2460600.5,0.00217,1.53,"Otto Matic"
"455148 (1994 UG)",Y,Y,1.239,0.2929,5.21,13.60,225.47,42.93,,,,,0.7145,2460600.5,0.0232,1.38,"Otto Matic"
"455176 (1999 VF22)",Y,Y,1.313,0.7388,3.92,3.22,271.98,243.48,,,6.681,,0.6554,2460600.5,0.0342,1.5,"Otto Matic"
"455184 (2000 ED14)",Y,Y,0.835,0.5666,13.78,3.87,310.12,2.21,,,,,1.292,2460600.5,0.035,0.763,"Otto Matic"
"455299 (2002 EL6)",Y,Y,2.304,0.5779,9.53,84.87,186.71,145.71,0.537,,,,0.2818,2460600.5,0.0368,3.5,"Otto Matic"
"455687 (2005 EK94)",Y,Y,1.978,0.4805,14.19,103.00,154.96,345.29,,,,,0.3544,2460600.5,0.0388,2.78,"Otto Matic"
"456938 (2007 YV56)",Y,Y,1.576,0.6221,6.24,102.36,265.75,203.84,,,,,0.498,2460600.5,0.00492,1.98,"Otto Matic"
"457662 (2009 DZ)",Y,Y,1.453,0.3021,14.11,151.44,335.89,349.33,,,,,0.5625,2460600.5,0.0456,1.75,"Otto Matic"
"457768 (2009 KN4)",Y,Y,1.941,0.5247,9.14,308.21,38.35,219.58,,,,,0.3645,2460600.5,0.0102,2.7,"Otto Matic"
"458116 (2010 DA)",Y,Y,1.03,0.5657,20.54,162.31,122.24,285.48,,,,,0.9424,2460600.5,0.00623,1.05,"Otto Matic"
"458122 (2010 EW45)",Y,Y,2.067,0.6690,2.12,232.92,135.58,353.60,,,,,0.3317,2460600.5,0.019,2.97,"Otto Matic"
"458418 (2011 AM12)",Y,Y,1.854,0.5377,38.50,124.76,237.74,199.81,,,,,0.3903,2460600.5,0.00832,2.53,"Otto Matic"
"458436 (2011 AL52)",Y,Y,2.802,0.6363,13.44,272.70,171.76,325.38,1.102,,,,0.2101,2460600.5,0.0395,4.69,"Otto Matic"
"458723 (2011 KQ12)",Y,Y,1.811,0.5030,19.29,83.61,142.91,174.35,,,,,0.4046,2460600.5,0.0411,2.44,"Otto Matic"
"459683 (2013 MY5)",Y,Y,1.662,0.4532,3.00,102.88,279.04,61.87,0.269,,,,0.4601,2460600.5,0.0322,2.14,"Otto Matic"
"461852 (2006 GY2)",Y,Y,1.858,0.4959,30.56,54.29,216.73,87.41,,,2.25,,0.3891,2460600.5,0.00575,2.53,"Otto Matic"
"462238 (2008 CN1)",Y,Y,0.7707,0.3477,7.22,331.46,7.26,26.27,0.227,,6.0555,,1.457,2460600.5,0.0349,0.677,"Otto Matic"
"462550 (2009 CB3)",Y,Y,1.065,0.7237,21.50,158.73,229.52,148.11,,,,,0.8969,2460600.5,0.011,1.1,"Otto Matic"
"462959 (2011 DU)",Y,Y,1.172,0.3178,2.95,176.87,120.20,164.01,,,10.29,,0.7773,2460600.5,0.0175,1.27,"Otto Matic"
"463387 (2013 CT82)",Y,Y,2.085,0.6248,1.80,271.38,90.54,30.03,,,,,0.3275,2460600.5,0.013,3.01,"Otto Matic"
"465617 (2009 EK1)",Y,Y,1.241,0.2290,9.12,358.38,21.87,230.00,,,,,0.713,2460600.5,0.032,1.38,"Otto Matic"
"465633 (2009 JR5)",Y,Y,1.252,0.3514,3.95,128.18,309.95,139.11,,,,,0.7032,2460600.5,0.0241,1.4,"Otto Matic"
"465824 (2010 FR)",Y,Y,1.131,0.3654,14.24,167.27,272.73,98.40,,,,,0.819,2460600.5,0.00518,1.2,"Otto Matic"
"465826 (2010 GA24)",Y,Y,2.097,0.5468,7.68,30.66,237.57,261.43,0.150,,,,0.3247,2460600.5,0.0494,3.04,"Otto Matic"
"465892 (2010 UT7)",Y,Y,1.584,0.6605,25.43,65.75,277.34,28.06,,,,,0.4945,2460600.5,0.0186,1.99,"Otto Matic"
"466130 (2012 FZ23)",Y,Y,2.483,0.6104,75.62,179.33,358.13,71.08,,,,,0.252,2460600.5,0.0266,3.91,"Otto Matic"
"466508 (2014 GY48)",Y,Y,1.61,0.4187,39.63,37.62,212.80,29.81,,,6.82,,0.4826,2460600.5,0.022,2.04,"Otto Matic"
"467309 (1996 AW1)",Y,Y,1.534,0.5181,4.77,117.51,229.45,90.28,,,10.773,,0.5187,2460600.5,0.0399,1.9,"Otto Matic"
"467317 (2000 QW7)",Y,Y,1.949,0.4687,4.15,158.55,190.99,314.00,,,71.57,,0.3623,2460600.5,0.03,2.72,"Otto Matic"
"467336 (2002 LT38)",Y,Y,0.8452,0.3137,6.18,259.27,162.78,120.77,,,21.8,,1.268,2460600.5,0.0348,0.777,"Otto Matic"
"467351 (2003 KO2)",Y,Y,0.7277,0.5108,23.49,215.47,204.04,351.18,,,6.48,,1.588,2460600.5,0.0028,0.621,"Otto Matic"
"467460 (2006 JF42)",Y,Y,0.6715,0.5819,5.94,40.83,17.80,307.85,,,13.98,,1.791,2460600.5,0.0027,0.55,Giorgini
"468005 (2012 XD112)",Y,Y,1.323,0.3658,3.72,97.77,76.79,234.88,,,,,0.6476,2460600.5,0.015,1.52,"Otto Matic"
"468468 (2004 KH17)",Y,Y,0.7121,0.4982,22.13,79.12,340.72,176.08,0.197,,,,1.64,2460600.5,0.00231,0.601,"Otto Matic"
"468727 (2010 JE87)",Y,Y,0.9042,0.4370,16.91,120.47,242.31,194.33,0.308,,,,1.146,2460600.5,0.0347,0.86,"Otto Matic"
"468910 (2014 KQ76)",Y,Y,1.007,0.4233,4.77,127.63,325.15,232.41,,,2.953,,0.9747,2460600.5,0.0415,1.01,"Otto Matic"
"469896 (2005 WC1)",Y,Y,1.401,0.4865,19.98,264.94,256.82,102.44,,,2.582,,0.5947,2460600.5,0.0134,1.66,"Otto Matic"
"470310 (2007 LB15)",Y,Y,0.9383,0.3952,25.19,262.77,237.36,128.01,,,,,1.084,2460600.5,0.00564,0.909,"Otto Matic"
"471240 (2011 BT15)",Y,Y,1.293,0.3024,1.66,105.35,308.81,147.30,,,0.109138,,0.6705,2460600.5,0.000634,1.47,"Otto Matic"
"471241 (2011 BX18)",Y,Y,2.872,0.7312,14.62,310.56,304.22,253.95,1.451,,4.828,,0.2026,2460600.5,0.0329,4.87,"Otto Matic"
"471323 (2011 KW15)",Y,Y,1.17,0.4938,23.66,283.35,97.52,143.20,,,,,0.7791,2460600.5,0.0431,1.27,"Otto Matic"
"471926 Jormungandr (2013 KN6)",Y,Y,1.466,0.8508,23.54,229.42,232.53,183.06,,,,,0.5554,2460600.5,0.049,1.77,"Otto Matic"
"474158 (1999 FA)",Y,Y,1.078,0.1327,12.03,166.08,296.99,5.21,,,10.092,,0.8803,2460600.5,0.00772,1.12,"Otto Matic"
"474163 (1999 SO5)",Y,Y,1.086,0.0653,13.37,196.06,359.70,214.77,,,1.38,,0.871,2460600.5,0.0163,1.13,"Otto Matic"
"474231 (2001 HZ7)",Y,Y,1.47,0.4983,5.43,156.28,312.87,112.39,,,65,,0.5532,2460600.5,0.0463,1.78,"Otto Matic"
"475534 (2006 TS7)",Y,Y,0.9467,0.5803,5.50,225.14,300.05,111.86,,,,,1.07,2460600.5,0.0153,0.921,"Otto Matic"
"476601 (2008 SE85)",Y,Y,1.626,0.5251,29.61,177.42,294.90,228.98,,,,,0.4755,2460600.5,0.0233,2.07,"Otto Matic"
"477162 (2009 ES)",Y,Y,1.436,0.3293,30.33,343.71,311.18,280.63,,,28,,0.5727,2460600.5,0.0409,1.72,"Otto Matic"
"477465 (2009 XZ1)",Y,Y,0.8557,0.5339,8.16,81.97,153.01,149.53,,,,,1.245,2460600.5,0.0424,0.792,"Otto Matic"
"477519 (2010 DJ56)",Y,Y,1.25,0.2453,34.84,149.91,309.28,231.65,0.321,,,,0.7053,2460600.5,0.0288,1.4,"Otto Matic"
"478574 (2012 TS78)",Y,Y,1.608,0.3818,32.67,8.27,196.78,123.69,,,,,0.4833,2460600.5,0.00937,2.04,"Otto Matic"
"480808 (1994 XL1)",Y,Y,0.6709,0.5262,28.17,252.65,356.58,319.43,,,,,1.794,2460600.5,0.0364,0.55,"Otto Matic"
"480820 (1998 VF32)",Y,Y,0.8508,0.4438,23.75,236.25,320.96,264.19,,,,,1.256,2460600.5,0.0367,0.785,"Otto Matic"
"480822 (1998 YM4)",Y,Y,1.477,0.7196,3.43,341.75,344.56,176.01,,,,,0.5493,2460600.5,0.0466,1.79,"Otto Matic"
"480858 (2001 PT9)",Y,Y,1.468,0.4552,7.18,329.97,261.65,51.99,,,,,0.5542,2460600.5,0.0292,1.78,"Otto Matic"
"480883 (2001 YE4)",Y,Y,0.6769,0.5404,4.85,305.32,318.98,205.22,,,,,1.77,2460600.5,0.031,0.557,"Otto Matic"
"480936 (2003 QH5)",Y,Y,1.26,0.2202,17.62,299.21,321.16,27.81,0.537,,6.74,,0.6972,2460600.5,0.00732,1.41,"Otto Matic"
"481394 (2006 SF6)",Y,Y,0.9501,0.2805,5.84,227.96,305.58,21.90,,,11.4876,,1.064,2460600.5,0.0192,0.926,"Otto Matic"
"481457 (2006 XD2)",Y,Y,1.267,0.4251,3.56,65.59,109.53,136.97,,,3.7,,0.6914,2460600.5,0.0177,1.43,"Otto Matic"
"481482 (2007 CA19)",Y,Y,2.808,0.8215,9.60,169.92,102.60,256.19,,,,,0.2094,2460600.5,0.0198,4.71,"Otto Matic"
"481532 (2007 LE)",Y,Y,1.839,0.5157,29.55,73.62,120.28,4.16,,,2.603,,0.3954,2460600.5,0.0476,2.49,"Otto Matic"
"481817 (2008 UL90)",Y,Y,0.695,0.3799,24.31,81.13,183.67,2.40,,,,,1.701,2460600.5,0.026,0.579,"Otto Matic"
"482250 (2011 LL2)",Y,Y,1.134,0.0965,24.68,68.23,163.63,38.75,,,0.103154,,0.8161,2460600.5,0.0163,1.21,"Otto Matic"
"482344 (2011 WL15)",Y,Y,1.352,0.2819,18.39,72.91,170.72,234.60,,,,,0.627,2460600.5,0.0391,1.57,"Otto Matic"
"482467 (2012 LK9)",Y,Y,2.512,0.6197,10.14,61.84,314.59,350.14,,,,,0.2476,2460600.5,0.0473,3.98,"Otto Matic"
"482488 (2012 SW20)",Y,Y,2.462,0.6785,10.16,209.59,62.39,63.97,,,,,0.2552,2460600.5,0.00269,3.86,"Otto Matic"
"482650 (2013 BK18)",Y,Y,1.626,0.4947,28.88,137.69,64.68,217.81,,,4.69,,0.4751,2460600.5,0.0229,2.07,"Otto Matic"
"482766 (2013 GF69)",Y,Y,1.967,0.4976,10.01,174.89,153.19,357.04,,,,,0.3574,2460600.5,0.0144,2.76,"Otto Matic"
"482796 (2013 QJ10)",Y,Y,0.9592,0.4251,18.15,327.43,243.87,31.68,,,14.5,,1.049,2460600.5,0.0246,0.939,"Otto Matic"
"482798 (2013 QK48)",Y,Y,1.586,0.8298,18.97,141.41,47.18,269.75,,,,,0.4936,2460600.5,0.0261,2,"Otto Matic"
"483422 (2000 CE59)",Y,Y,1.138,0.1668,12.26,318.62,307.53,16.23,,,3.623,,0.8123,2460600.5,0.00768,1.21,"Otto Matic"
"483423 (2000 DO1)",Y,Y,1.43,0.6818,3.46,335.78,302.82,110.43,,,,,0.5764,2460600.5,0.0137,1.71,"Otto Matic"
"483432 (2001 DF47)",Y,Y,1.215,0.3708,18.47,146.62,260.28,293.85,,,,,0.7358,2460600.5,0.0174,1.34,"Otto Matic"
"483508 (2003 CR1)",Y,Y,1.453,0.4628,12.72,310.93,101.97,179.82,0.202,,26.39,,0.563,2460600.5,0.0276,1.75,"Otto Matic"
"483560 (2004 BV1)",Y,Y,1.463,0.3673,12.16,96.74,223.28,16.85,,,5.8124,,0.557,2460600.5,0.012,1.77,"Otto Matic"
"483989 (2006 CY10)",Y,Y,1.96,0.4841,6.77,32.50,167.39,274.89,,,,,0.3591,2460600.5,0.0147,2.74,"Otto Matic"
"484402 (2007 XH16)",Y,Y,1.187,0.2348,27.43,91.27,58.32,323.00,0.452,,3.6342,,0.7621,2460600.5,0.0145,1.29,"Otto Matic"
"484506 (2008 ER7)",Y,Y,1.486,0.6241,2.24,323.41,81.04,117.92,,,,,0.5438,2460600.5,0.00119,1.81,"Otto Matic"
"484517 (2008 EC69)",Y,Y,2.752,0.6194,24.84,93.22,178.15,208.03,,,,,0.2159,2460600.5,0.0324,4.57,"Otto Matic"
"484976 (2009 UN3)",Y,Y,2.328,0.5756,37.43,141.96,338.75,54.94,,,4.123,,0.2776,2460600.5,0.027,3.55,"Otto Matic"
"485652 (2011 WO41)",Y,Y,3.024,0.7292,20.14,111.08,126.39,150.80,,,4.609,,0.1875,2460600.5,0.0174,5.26,"Otto Matic"
"487577 (2014 YQ15)",Y,Y,0.9638,0.2358,10.92,81.83,252.34,230.94,,,,,1.042,2460600.5,0.00225,0.946,"Otto Matic"
"488453 (1994 XD)",Y,Y,2.344,0.7337,4.33,96.02,249.55,122.74,,,2.7365,,0.2747,2460600.5,0.0199,3.59,"Otto Matic"
"488490 (2000 AF205)",Y,Y,1.035,0.2770,2.41,219.90,127.51,292.48,,,,,0.9363,2460600.5,0.0184,1.05,"Otto Matic"
"488515 (2001 FE90)",Y,Y,1.935,0.4952,8.81,98.38,145.42,256.64,,,0.4777,,0.3662,2460600.5,0.0138,2.69,"Otto Matic"
"488789 (2004 XK50)",Y,Y,1.451,0.6886,38.23,94.05,104.02,88.88,1.039,,,,0.5638,2460600.5,0.0415,1.75,"Otto Matic"
"489486 (2007 GS3)",Y,Y,1.061,0.1291,15.09,215.39,61.07,306.17,,,3.497,,0.9016,2460600.5,0.0201,1.09,"Otto Matic"
"490354 (2009 FF19)",Y,Y,1.213,0.4092,0.56,84.88,244.81,127.29,,,,,0.7379,2460600.5,0.00413,1.34,"Otto Matic"
"490581 (2009 WZ104)",Y,Y,0.8553,0.1927,9.84,263.25,10.56,71.51,0.237,,19.304,,1.246,2460600.5,0.0306,0.791,"Otto Matic"
"494658 (2000 UG11)",Y,Y,1.929,0.5718,8.91,223.91,240.87,322.34,,,4.44,,0.3679,2460600.5,0.00933,2.68,"Otto Matic"
"494690 (2004 JQ1)",Y,Y,1.193,0.4500,32.83,77.05,272.66,168.24,,,,,0.756,2460600.5,0.0315,1.3,"Otto Matic"
"494697 (2004 SW55)",Y,Y,1.428,0.3340,8.79,75.12,352.85,241.22,,,,,0.5778,2460600.5,0.0307,1.71,"Otto Matic"
"494710 (2005 MO13)",Y,Y,0.8636,0.4108,6.32,176.57,250.22,251.77,,,,,1.228,2460600.5,0.0424,0.803,"Otto Matic"
"494975 (2009 WO106)",Y,Y,1.374,0.3853,17.35,281.69,134.68,105.64,,,8.0364,,0.6119,2460600.5,0.0495,1.61,"Otto Matic"
"494999 (2010 JU39)",Y,Y,0.9191,0.5461,36.22,95.16,311.38,294.11,,,30.2,,1.118,2460600.5,0.00389,0.881,"Otto Matic"
"495187 (2012 VO76)",Y,Y,1.204,0.2150,36.95,229.47,297.36,272.72,,,,,0.7457,2460600.5,0.0361,1.32,"Otto Matic"
"496005 (2007 XJ16)",Y,Y,2.258,0.5563,6.23,309.06,32.99,32.92,,,,,0.2904,2460600.5,0.0265,3.39,"Otto Matic"
"496013 (2008 EL6)",Y,Y,1.728,0.4810,13.14,177.66,38.41,93.80,,,,,0.4339,2460600.5,0.0198,2.27,"Otto Matic"
"496816 (1989 UP)",Y,Y,1.862,0.4722,3.85,53.16,17.82,256.52,0.3,,6.98,,0.388,2460600.5,0.00594,2.54,"Otto Matic"
"496817 (1989 VB)",Y,Y,1.862,0.4601,2.18,37.85,330.92,278.40,0.4,,14.533,,0.388,2460600.5,0.0168,2.54,"Otto Matic"
"496860 (1999 XL136)",Y,Y,1.819,0.6465,8.91,269.97,275.47,28.38,,,,,0.4017,2460600.5,0.00425,2.45,"Otto Matic"
"496901 (2001 HB)",Y,Y,1.314,0.6940,9.28,195.82,238.00,260.14,,,,,0.6544,2460600.5,0.0133,1.51,"Otto Matic"
"497117 (2004 FU4)",Y,Y,1.26,0.2639,23.25,31.56,46.31,296.47,,,,,0.6967,2460600.5,0.00256,1.41,"Otto Matic"
"499582 (2010 TH19)",Y,Y,1.464,0.3101,6.83,254.20,201.50,277.30,0.461,,,,0.5562,2460600.5,0.0368,1.77,"Otto Matic"
"500080 (2011 WV134)",Y,Y,2.795,0.6753,6.02,157.64,25.90,250.63,,,10.105,,0.2109,2460600.5,0.018,4.67,"Otto Matic"
"503861 (1998 WZ1)",Y,Y,2.163,0.5566,4.31,344.84,137.37,35.72,,,,,0.3098,2460600.5,0.023,3.18,"Otto Matic"
"503941 (2003 UV11)",Y,Y,1.453,0.7626,5.93,31.78,124.95,324.10,0.260,,18.25,,0.5625,2460600.5,0.00787,1.75,"Otto Matic"
"504034 (2005 UJ159)",Y,Y,3.343,0.8317,35.61,80.25,95.79,26.44,,,,,0.1613,2460600.5,0.0389,6.11,Giorgini
"504256 (2006 VD13)",Y,Y,1.948,0.4837,11.71,313.94,162.89,185.93,,,,,0.3625,2460600.5,0.0336,2.72,"Otto Matic"
"504680 (2009 EO2)",Y,Y,1.712,0.4807,11.48,264.63,220.60,2.81,,,,,0.4401,2460600.5,0.0127,2.24,"Otto Matic"
"504800 (2010 CO1)",Y,Y,1.013,0.2179,24.02,351.56,252.71,78.84,0.380,,,,0.9671,2460600.5,0.0222,1.02,"Otto Matic"
"505178 (2012 TV78)",Y,Y,1.816,0.5488,7.47,251.75,244.94,268.57,,,,,0.4028,2460600.5,0.014,2.45,"Otto Matic"
"505657 (2014 SR339)",Y,Y,1.299,0.3038,29.79,138.74,299.64,217.16,0.971,,8.71,,0.6654,2460600.5,0.0368,1.48,"Otto Matic"
"506074 Svarog (2015 UM67)",Y,Y,1.558,0.6874,6.01,150.02,132.27,247.70,0.665,,,,0.5069,2460600.5,0.0482,1.94,"Otto Matic"
"506491 (2003 UW29)",Y,Y,1.17,0.8386,3.76,196.48,55.27,255.96,,,,,0.7792,2460600.5,0.0181,1.26,"Otto Matic"
"506732 (2006 VW2)",Y,Y,1.236,0.2944,10.05,229.77,299.68,290.05,,,,,0.7173,2460600.5,0.0145,1.37,"Otto Matic"
"506859 (2007 VW137)",Y,Y,2.236,0.7348,5.83,297.40,247.48,351.64,,,,,0.2947,2460600.5,0.032,3.34,"Otto Matic"
"507716 (2013 UP8)",Y,Y,2.535,0.6191,47.83,55.16,187.36,318.58,,,,,0.2442,2460600.5,0.0405,4.04,"Otto Matic"
"508774 (1999 JE1)",Y,Y,1.323,0.7017,20.91,53.06,302.74,214.12,,,,,0.6475,2460600.5,0.0251,1.52,"Otto Matic"
"508908 (2003 YX1)",Y,Y,0.8797,0.2670,5.76,89.62,223.14,197.32,,,,,1.195,2460600.5,0.0118,0.825,"Otto Matic"
"508967 (2004 VC17)",Y,Y,1.895,0.8109,20.40,229.17,65.16,247.56,,,,,0.3778,2460600.5,0.00164,2.61,"Otto Matic"
"509191 (2006 OC5)",Y,Y,2.402,0.6521,4.74,149.09,245.80,305.36,,,,,0.2648,2460600.5,0.0145,3.72,"Otto Matic"
"509352 (2007 AG)",Y,Y,0.7206,0.3741,11.95,283.22,5.71,192.55,,,,,1.611,2460600.5,0.0046,0.612,"Otto Matic"
"509456 (2007 LF)",Y,Y,1.682,0.4198,6.99,239.39,333.92,359.45,,,,,0.4516,2460600.5,0.00257,2.18,"Otto Matic"
"509821 (2008 WQ63)",Y,Y,1.734,0.6071,0.92,317.08,229.02,308.58,,,,,0.4316,2460600.5,0.00798,2.28,"Otto Matic"
"509935 (2009 QL8)",Y,Y,1.931,0.5409,4.24,84.47,339.66,202.68,,,9.0913,,0.3672,2460600.5,0.028,2.68,"Otto Matic"
"510055 (2010 FH81)",Y,Y,1.226,0.2105,16.80,84.60,158.31,223.80,0.200,,,,0.7264,2460600.5,0.034,1.36,"Otto Matic"
"510529 (2012 EY11)",Y,Y,1.148,0.1508,9.02,167.58,238.88,185.06,,,,,0.8009,2460600.5,0.0288,1.23,"Otto Matic"
"511008 (2013 PX6)",Y,Y,2.597,0.6515,13.66,187.37,229.70,225.56,1.647,,,,0.2355,2460600.5,0.0298,4.19,"Otto Matic"
"511684 (2015 BN509)",Y,Y,1.007,0.5685,4.15,120.08,143.20,166.20,0.315,,5.6713,,0.9756,2460600.5,0.0248,1.01,"Otto Matic"
"512234 (2015 VO66)",Y,Y,0.9522,0.6000,14.02,64.46,219.30,291.01,,,,,1.061,2460600.5,0.0436,0.929,"Otto Matic"
"513126 (1998 QP)",Y,Y,1.786,0.5826,9.35,326.43,78.46,325.88,,,,,0.4131,2460600.5,0.0139,2.39,"Otto Matic"
"513171 (2004 MD6)",Y,Y,0.9509,0.5630,29.32,263.84,231.46,47.22,,,,,1.063,2460600.5,0.00814,0.927,"Otto Matic"
"513312 (2007 DM41)",Y,Y,1.181,0.5278,2.26,1.70,274.49,211.78,,,,,0.7676,2460600.5,0.00745,1.28,"Otto Matic"
"513489 (2009 EV)",Y,Y,1.728,0.5235,17.00,138.55,250.28,25.45,,,,,0.4337,2460600.5,0.0312,2.27,"Otto Matic"
"514150 (2015 KJ57)",Y,Y,1.559,0.4039,2.63,14.40,336.45,239.72,,,,,0.5064,2460600.5,0.0123,1.95,"Otto Matic"
"514568 (1994 RC)",Y,Y,2.264,0.6036,4.76,344.25,286.54,313.52,,,,,0.2894,2460600.5,0.0381,3.41,"Otto Matic"
"514596 (2003 FG)",Y,Y,1.241,0.7150,15.66,6.98,312.92,166.36,,,8.6763,,0.7125,2460600.5,0.0438,1.38,"Otto Matic"
"515767 (2015 JA2)",Y,Y,1.034,0.3491,16.42,126.60,246.26,233.79,,,0.9801,,0.9376,2460600.5,0.0432,1.05,"Otto Matic"
"516154 (2016 CL32)",Y,Y,1.543,0.4601,12.21,123.49,292.95,214.31,,,11.181,,0.5141,2460600.5,0.0249,1.92,"Otto Matic"
"516155 (2016 DP)",Y,Y,1.023,0.4771,13.33,54.36,254.01,32.94,,,,,0.9531,2460600.5,0.0318,1.03,"Otto Matic"
"517103 (2013 EM20)",Y,Y,1.371,0.3179,8.36,73.88,350.16,157.18,,,8.038,,0.6138,2460600.5,0.0424,1.61,"Otto Matic"
"517681 (2015 DE198)",Y,Y,2.063,0.5832,12.26,33.23,218.11,50.47,,,33.558,,0.3327,2460600.5,0.042,2.96,"Otto Matic"
"518640 (2008 KZ5)",Y,Y,1.844,0.4545,8.36,142.55,194.42,160.69,,,5.789,,0.3937,2460600.5,0.00313,2.5,"Otto Matic"
"518678 (2008 UZ94)",Y,Y,2.191,0.5725,30.25,248.22,159.72,322.94,,,6.36,,0.3039,2460600.5,0.0264,3.24,"Otto Matic"
"518810 (2010 CF19)",Y,Y,1.193,0.2700,7.18,154.71,265.31,142.87,0.083,,,,0.7563,2460600.5,0.0325,1.3,"Otto Matic"
"518847 (2010 DM)",Y,Y,2.081,0.8399,5.00,140.75,221.04,8.79,,,,,0.3284,2460600.5,0.0325,3,"Otto Matic"
"522684 (2016 JP)",Y,Y,0.9939,0.3836,11.33,202.55,255.63,264.69,,,3.2905,,0.9947,2460600.5,0.029,0.991,"Otto Matic"
"523589 (2001 HA4)",Y,Y,2.69,0.7934,17.18,354.01,95.66,134.96,1.851,,,,0.2234,2460600.5,0.025,4.41,"Otto Matic"
"523598 (2003 ED50)",Y,Y,1.416,0.5470,33.72,173.48,94.01,258.77,,,,,0.5848,2460600.5,0.0273,1.69,"Otto Matic"
"523606 (2005 CJ)",Y,Y,1.75,0.5256,1.08,357.82,81.99,203.33,,,,,0.4259,2460600.5,0.00732,2.31,"Otto Matic"
"523609 (2005 PJ2)",Y,Y,1.198,0.6594,17.42,326.43,128.89,169.53,,,1.42,,0.7515,2460600.5,0.0445,1.31,"Otto Matic"
"523623 (2008 CB22)",Y,Y,2.365,0.6533,7.27,51.17,33.42,227.64,,,,,0.271,2460600.5,0.0464,3.64,"Otto Matic"
"523630 (2009 OG)",Y,Y,2.706,0.8586,48.39,309.33,114.20,137.74,,,,,0.2214,2460600.5,0.0432,4.45,"Otto Matic"
"523650 (2011 GQ61)",Y,Y,1.59,0.4121,65.16,333.51,155.09,279.23,,,,,0.4915,2460600.5,0.0266,2.01,"Otto Matic"
"523654 (2011 SR5)",Y,Y,1.178,0.7057,29.13,180.10,305.55,36.93,,,10.07,,0.7707,2460600.5,0.000164,1.28,"Otto Matic"
"523656 (2011 WO4)",Y,Y,1.738,0.4977,60.94,225.18,235.99,206.67,,,,,0.4303,2460600.5,0.0299,2.29,"Otto Matic"
"523662 (2012 MU2)",Y,Y,2.055,0.5138,11.22,250.30,16.60,64.04,,,,,0.3345,2460600.5,0.00102,2.95,"Otto Matic"
"523664 (2012 OD1)",Y,Y,0.8288,0.5029,42.26,303.73,224.36,191.12,0.346,,12.63,,1.306,2460600.5,0.0376,0.754,"Otto Matic"
"523685 (2014 DN112)",Y,Y,1.848,0.4939,4.30,260.18,145.91,143.77,,,,,0.3922,2460600.5,0.00279,2.51,"Otto Matic"
"523732 (2014 PG51)",Y,Y,1.206,0.4528,3.79,275.74,294.16,311.74,,,,,0.7444,2460600.5,0.0231,1.32,"Otto Matic"
"523775 (2014 YB35)",Y,Y,1.877,0.4833,12.64,3.72,188.64,256.67,0.279,,3.277,,0.3833,2460600.5,0.0208,2.57,"Otto Matic"
"523788 (2015 FP118)",Y,Y,2.121,0.5497,2.68,201.34,108.16,1.51,,,3.0917,,0.3191,2460600.5,0.03,3.09,"Otto Matic"
"523804 (2000 YF29)",Y,Y,1.492,0.3713,6.30,124.74,28.10,355.90,,,,,0.5407,2460600.5,0.00855,1.82,"Otto Matic"
"523808 (2007 ML24)",Y,Y,0.7588,0.3584,33.43,281.87,201.50,287.12,,,,,1.491,2460600.5,0.0221,0.661,"Otto Matic"
"523813 (2008 VB1)",Y,Y,1.278,0.2751,10.32,50.35,136.98,264.03,,,,,0.6821,2460600.5,0.0191,1.44,"Otto Matic"
"523814 (2008 WN2)",Y,Y,1.418,0.3118,3.75,227.09,283.40,95.98,,,,,0.5837,2460600.5,0.0493,1.69,"Otto Matic"
"523816 (2009 ST103)",Y,Y,2.701,0.7184,15.74,226.45,234.66,126.30,0.851,,,,0.2221,2460600.5,0.0371,4.44,"Otto Matic"
"523818 (2010 SH13)",Y,Y,1.206,0.1370,13.86,190.58,11.02,13.99,,,,,0.7442,2460600.5,0.0454,1.32,"Otto Matic"
"523820 (2011 GN44)",Y,Y,2.245,0.5976,55.01,16.93,319.39,307.31,,,,,0.293,2460600.5,0.00541,3.36,"Otto Matic"
"523934 (1998 FF14)",Y,Y,1.253,0.3123,38.69,359.83,301.12,251.74,,,,,0.7025,2460600.5,0.0276,1.4,"Otto Matic"
"523950 (1998 SZ27)",Y,Y,0.9051,0.5068,23.64,166.68,47.73,182.41,,,,,1.145,2460600.5,0.00759,0.861,"Otto Matic"
"524475 (2002 KJ4)",Y,Y,2.271,0.5570,27.92,75.52,155.48,207.24,,,,,0.288,2460600.5,0.0251,3.42,"Otto Matic"
"524522 Zoozve (2002 VE68)",Y,Y,0.7236,0.4102,9.04,231.47,355.41,48.01,,,13.5,,1.601,2460600.5,0.0262,0.616,"Otto Matic"
"524594 (2003 NW1)",Y,Y,2.424,0.6432,6.16,265.02,118.89,207.85,,,37.7,,0.2611,2460600.5,0.0256,3.77,"Otto Matic"
"525229 (2004 UU1)",Y,Y,1.226,0.2732,29.97,217.76,113.63,295.27,,,,,0.726,2460600.5,0.0269,1.36,"Otto Matic"
"525231 (2004 VB)",Y,Y,1.459,0.4090,10.86,52.35,71.61,77.99,,,,,0.5594,2460600.5,0.0437,1.76,"Otto Matic"
"525268 (2004 XL14)",Y,Y,0.7595,0.4104,21.46,85.60,157.59,202.64,,,,,1.489,2460600.5,0.0279,0.662,"Otto Matic"
"525356 (2005 BG14)",Y,Y,1.993,0.7275,21.68,94.91,281.04,24.82,,,,,0.3503,2460600.5,0.0301,2.81,"Otto Matic"
"525484 (2005 GL)",Y,Y,1.056,0.3063,15.90,43.61,265.35,278.68,,,,,0.9079,2460600.5,0.00624,1.09,"Otto Matic"
"526587 (2006 TB)",Y,Y,1.562,0.3245,27.57,169.30,180.99,93.49,,,,,0.5049,2460600.5,0.0487,1.95,"Otto Matic"
"526670 (2006 UL217)",Y,Y,1.43,0.3486,9.92,45.18,310.12,201.09,,,,,0.5763,2460600.5,0.0213,1.71,"Otto Matic"
"526878 (2007 FE)",Y,Y,1.794,0.4570,7.00,122.62,135.21,90.40,,,,,0.4103,2460600.5,0.0269,2.4,"Otto Matic"
"527715 (2007 YQ56)",Y,Y,1.141,0.2881,26.45,276.00,273.09,213.19,,,60.8,,0.8087,2460600.5,0.0127,1.22,"Otto Matic"
"528159 (2008 HS3)",Y,Y,1.35,0.2255,8.17,227.69,5.04,166.33,,,10.68,,0.6282,2460600.5,0.0382,1.57,"Otto Matic"
"528804 (2009 BJ58)",Y,Y,1.849,0.7127,13.02,131.14,85.94,61.52,,,,,0.3919,2460600.5,0.016,2.52,"Otto Matic"
"529366 (2009 WM1)",Y,Y,1.181,0.1689,25.77,240.25,162.64,241.67,,,,,0.7684,2460600.5,0.000225,1.28,"Otto Matic"
"529668 (2010 JL33)",Y,Y,2.677,0.7350,5.38,52.45,309.89,70.72,1.778,,9.443,,0.225,2460600.5,0.0313,4.38,"Otto Matic"
"529753 (2010 MF1)",Y,Y,2.498,0.5882,9.10,286.94,27.84,212.69,0.363,,,,0.2496,2460600.5,0.0425,3.95,"Otto Matic"
"529951 (2010 UD)",Y,Y,1.098,0.2640,26.29,23.74,262.26,130.20,,,,,0.8569,2460600.5,0.0126,1.15,"Otto Matic"
"530085 (2010 XC11)",Y,Y,2.519,0.8492,9.12,94.09,121.47,139.28,,,,,0.2466,2460600.5,0.0319,4,"Otto Matic"
"530520 (2011 LT17)",Y,Y,1.1,0.2874,20.90,83.45,270.62,146.20,,,1.291,,0.8546,2460600.5,0.00173,1.15,"Otto Matic"
"530974 (2012 BN11)",Y,Y,1.457,0.3950,4.36,153.71,69.77,39.68,,,5.357,,0.5602,2460600.5,0.0216,1.76,"Otto Matic"
"531060 (2012 DJ61)",Y,Y,0.9176,0.5153,53.63,346.27,311.96,21.87,,,,,1.121,2460600.5,0.03,0.879,"Otto Matic"
"531277 (2012 MM11)",Y,Y,2.113,0.6479,3.18,245.42,124.24,341.40,,,13.,,0.3208,2460600.5,0.0112,3.07,"Otto Matic"
"531899 (2013 BE19)",Y,Y,0.9113,0.2974,31.01,309.26,311.97,65.21,,,115,,1.133,2460600.5,0.0462,0.87,"Otto Matic"
"531914 (2013 BW76)",Y,Y,2.058,0.5337,40.36,58.22,0.56,350.41,,,,,0.3338,2460600.5,0.0281,2.95,"Otto Matic"
"531944 (2013 CU83)",Y,Y,1.285,0.1829,10.34,303.33,18.84,176.89,,,,,0.677,2460600.5,0.0424,1.46,"Otto Matic"
"533011 (2014 AY28)",Y,Y,1.425,0.2826,5.71,169.57,22.73,71.50,,,0.9139,,0.5791,2460600.5,0.0381,1.7,"Otto Matic"
"533372 (2014 GG17)",Y,Y,1.367,0.3525,39.15,195.28,239.58,297.85,,,,,0.6168,2460600.5,0.0155,1.6,"Otto Matic"
"533671 (2014 LJ21)",Y,Y,2.889,0.8956,24.28,126.58,302.90,51.35,,,16.41,,0.2007,2460600.5,0.0262,4.91,"Otto Matic"
"533722 (2014 NE52)",Y,Y,2.385,0.6585,3.86,54.52,337.61,256.99,0.701,,,,0.2675,2460600.5,0.0357,3.68,"Otto Matic"
"535844 (2015 BY310)",Y,Y,1.587,0.4008,4.79,328.41,229.53,277.70,,,0.0926702,,0.493,2460600.5,0.0243,2,"Otto Matic"
"536531 (2015 DV215)",Y,Y,1.538,0.4027,13.20,13.92,41.37,73.05,,,,,0.5166,2460600.5,0.00744,1.91,"Otto Matic"
"537395 (2015 LG2)",Y,Y,1.26,0.1817,21.29,133.11,188.91,179.81,,,16.31,,0.6973,2460600.5,0.0188,1.41,"Otto Matic"
"538212 (2016 CA136)",Y,Y,2.032,0.7812,1.26,239.74,125.01,18.73,0.654,,,,0.3404,2460600.5,0.00705,2.9,"Otto Matic"
"539063 (2016 MK1)",Y,Y,1.5,0.7160,10.78,178.30,240.70,94.81,,,,,0.5362,2460600.5,0.0246,1.84,"Otto Matic"
"549948 (2011 WL2)",Y,Y,1.078,0.2834,14.13,212.91,88.85,275.83,,,,,0.8811,2460600.5,0.00173,1.12,"Otto Matic"
"551685 (2013 HT15)",Y,Y,1.101,0.4229,2.92,23.28,315.92,265.36,,,,,0.8529,2460600.5,0.0269,1.16,"Otto Matic"
"576763 (2012 UR136)",Y,Y,1.916,0.4607,6.06,87.51,202.78,238.36,,,,,0.3716,2460600.5,0.0323,2.65,"Otto Matic"
"585310 (2017 YZ1)",Y,Y,1.328,0.3351,20.87,277.70,298.49,99.80,,,,,0.6442,2460600.5,0.000695,1.53,"Otto Matic"
"605070 (2016 BT39)",Y,Y,1.968,0.5382,8.96,174.97,203.19,80.29,,,,,0.3569,2460600.5,0.0478,2.76,"Otto Matic"
"606441 (2017 YT5)",Y,Y,1.796,0.4192,36.47,133.53,197.04,46.85,,,,,0.4094,2460600.5,0.0428,2.41,"Otto Matic"
"612012 (1983 LC)",Y,Y,2.603,0.7146,1.56,159.69,184.90,270.70,,,,,0.2346,2460600.5,0.0248,4.2,"Otto Matic"
"612050 (1997 GL3)",Y,Y,2.27,0.7844,6.68,194.34,262.58,23.62,,,7.572,,0.2881,2460600.5,0.00357,3.42,"Otto Matic"
"612098 (1999 RM45)",Y,Y,1.684,0.6446,10.89,162.63,88.91,215.47,,,3.0697,,0.451,2460600.5,0.00316,2.19,"Otto Matic"
"612143 (2000 BO28)",Y,Y,1.699,0.6003,6.34,319.73,303.41,1.98,,,3.2392,,0.4451,2460600.5,0.0476,2.21,"Otto Matic"
"612227 (2001 QC34)",Y,Y,1.129,0.1876,6.24,271.45,215.47,332.57,,,,,0.822,2460600.5,0.0283,1.2,"Otto Matic"
"612267 (2001 SG286)",Y,Y,1.358,0.3474,7.77,241.11,56.28,236.56,,,,,0.6227,2460600.5,0.00445,1.58,"Otto Matic"
"612326 (2002 CD14)",Y,Y,1.779,0.5793,2.89,127.60,141.32,149.31,,,,,0.4154,2460600.5,0.0283,2.37,"Otto Matic"
"612337 (2002 EY2)",Y,Y,1.725,0.4866,21.73,343.39,51.10,67.64,,,,,0.4349,2460600.5,0.000554,2.27,"Otto Matic"
"612342 (2002 FC)",Y,Y,2.822,0.6660,6.76,50.10,195.23,249.51,,,,,0.2079,2460600.5,0.0304,4.74,"Otto Matic"
"612348 (2002 GZ8)",Y,Y,2.821,0.6402,5.32,309.75,161.48,287.59,,,25.381,,0.2081,2460600.5,0.0396,4.74,"Otto Matic"
"612356 (2002 JX8)",Y,Y,0.7699,0.3057,4.31,68.52,338.12,244.41,,,,,1.459,2460600.5,0.019,0.676,"Otto Matic"
"612358 (2002 JE9)",Y,Y,1.066,0.4165,8.77,199.83,255.90,201.66,,,,,0.8955,2460600.5,0.00642,1.1,"Otto Matic"
"612380 (2002 PF43)",Y,Y,1.644,0.3662,13.86,142.74,191.63,185.67,,,,,0.4677,2460600.5,0.0347,2.11,"Otto Matic"
"612509 (2002 UK11)",Y,Y,1.324,0.5753,5.37,69.18,84.54,107.30,,,8,,0.6472,2460600.5,0.0119,1.52,"Otto Matic"
"612522 (2002 VP69)",Y,Y,2.019,0.5270,10.12,306.83,189.04,202.97,,,,,0.3435,2460600.5,0.0226,2.87,"Otto Matic"
"612536 (2003 AA3)",Y,Y,1.421,0.2893,13.78,106.38,347.03,311.80,,,,,0.5819,2460600.5,0.0326,1.69,"Otto Matic"
"612780 (2004 MD)",Y,Y,1.917,0.5365,9.77,85.39,124.28,255.42,,,,,0.3712,2460600.5,0.0157,2.66,"Otto Matic"
"612786 (2004 PJ2)",Y,Y,1.418,0.3421,2.58,317.10,281.78,23.99,,,,,0.5837,2460600.5,0.0233,1.69,"Otto Matic"
"612813 (2004 RF84)",Y,Y,2.164,0.6038,23.29,344.52,122.61,71.76,,,,,0.3096,2460600.5,0.0347,3.18,"Otto Matic"
"612856 (2004 TP1)",Y,Y,1.291,0.3892,7.49,30.02,87.86,182.75,,,,,0.6717,2460600.5,0.0285,1.47,"Otto Matic"
"612901 (2004 XP14)",Y,Y,1.052,0.1586,32.95,281.01,273.74,54.12,,,100,,0.9136,2460600.5,0.000579,1.08,"Otto Matic"
"612924 (2005 CL)",Y,Y,1.986,0.7547,4.45,318.37,298.57,338.02,,,,,0.352,2460600.5,0.0239,2.8,"Otto Matic"
"612989 (2005 LW39)",Y,Y,1.988,0.7156,28.47,251.45,275.19,341.28,,,,,0.3515,2460600.5,0.0276,2.8,"Otto Matic"
"613286 (2005 YQ96)",Y,Y,0.7434,0.3336,22.23,282.66,340.14,314.69,,,,,1.538,2460600.5,0.0183,0.641,"Otto Matic"
"613403 (2006 GB)",Y,Y,0.9585,0.1795,10.07,183.68,242.92,8.63,,,11.83,,1.05,2460600.5,0.011,0.938,"Otto Matic"
"613450 (2006 PY17)",Y,Y,1.895,0.6404,2.85,309.91,133.19,303.70,,,,,0.3777,2460600.5,0.0255,2.61,"Otto Matic"
"613569 (2006 TU7)",Y,Y,0.8513,0.4703,2.95,91.35,69.22,242.73,,,,,1.255,2460600.5,0.0235,0.785,"Otto Matic"
"613714 (2007 DL41)",Y,Y,1.457,0.4765,4.67,150.72,140.23,286.02,,,,,0.5603,2460600.5,0.0462,1.76,"Otto Matic"
"613726 (2007 EF)",Y,Y,0.8203,0.4101,21.73,158.34,226.04,348.52,0.260,,,,1.327,2460600.5,0.0241,0.743,"Otto Matic"
"613986 (2008 JG)",Y,Y,1.051,0.2959,7.92,128.74,242.35,324.38,,,,,0.9141,2460600.5,0.0493,1.08,"Otto Matic"
"614134 (2008 TC4)",Y,Y,0.7804,0.5544,10.65,212.54,324.35,320.86,,,,,1.43,2460600.5,0.00328,0.689,"Otto Matic"
"614433 (2009 KK)",Y,Y,1.502,0.4552,18.21,68.12,247.34,95.41,,,,,0.5352,2460600.5,0.000922,1.84,"Otto Matic"
"614470 Flordeneu (2009 ST19)",Y,Y,2.361,0.5949,6.73,0.13,336.93,59.52,,,,,0.2717,2460600.5,0.00973,3.63,"Otto Matic"
"618350 (2021 PS2)",Y,Y,1.554,0.4735,7.92,163.29,79.01,257.34,,,,,0.5088,2460600.5,0.0352,1.94,"Otto Matic"
"619106 (2005 SQ)",Y,Y,1.654,0.5748,1.20,317.11,294.98,28.92,,,,,0.4633,2460600.5,0.00554,2.13,"Otto Matic"
"619920 (2006 KY86)",Y,Y,2.294,0.6486,7.47,222.29,321.65,114.32,,,,,0.2837,2460600.5,0.0483,3.47,"Otto Matic"
"620055 (2003 BK47)",Y,Y,2.749,0.7062,20.66,138.78,235.34,318.54,,,45.1,,0.2163,2460600.5,0.0194,4.56,"Otto Matic"
"620056 (2004 UR1)",Y,Y,2.175,0.6164,4.08,250.92,73.45,99.22,,,,,0.3072,2460600.5,0.0193,3.21,"Otto Matic"
"620063 (2009 DH39)",Y,Y,1.849,0.6001,53.69,155.39,68.25,58.35,,,,,0.392,2460600.5,0.0176,2.51,"Otto Matic"
"620066 (2010 SC41)",Y,Y,1.866,0.6068,0.25,235.53,267.58,142.47,,,5.665,,0.3868,2460600.5,0.00113,2.55,"Otto Matic"
"620071 (2011 WN15)",Y,Y,1.217,0.8580,33.43,75.55,218.57,249.46,,,2.9656,,0.7343,2460600.5,0.00309,1.34,"Otto Matic"
"620082 (2014 QL433)",Y,Y,2.092,0.7170,4.43,322.63,260.62,158.82,,,,,0.3258,2460600.5,0.00901,3.02,"Otto Matic"
"620084 (2014 WD201)",Y,Y,2.095,0.5026,8.47,105.68,199.82,158.22,,,,,0.325,2460600.5,0.0401,3.03,"Otto Matic"
"620085 (2014 WG365)",Y,Y,1.296,0.3333,25.12,71.31,111.13,155.10,,,,,0.6683,2460600.5,0.0131,1.47,"Otto Matic"
"620092 (2015 HB10)",Y,Y,1.853,0.5716,5.70,6.12,79.69,346.91,,,,,0.3906,2460600.5,0.0263,2.52,"Otto Matic"
"620094 (2016 AJ193)",Y,Y,3.261,0.8163,22.57,331.16,82.14,185.53,1.374,,,,0.1673,2460600.5,0.015,5.89,"Otto Matic"
"620095 (2016 CB194)",Y,Y,2.512,0.6322,9.88,48.47,325.74,119.35,,,,,0.2476,2460600.5,0.000243,3.98,"Otto Matic"
"620096 Curupira (2016 HL)",Y,Y,1.813,0.6157,5.15,232.69,252.07,195.15,,,2.93,,0.4038,2460600.5,0.00784,2.44,"Otto Matic"
"620099 (2016 OP5)",Y,Y,1.616,0.4523,8.24,79.52,291.04,338.29,,,,,0.4799,2460600.5,0.0455,2.05,"Otto Matic"
"620100 (2016 WJ1)",Y,Y,1.34,0.5031,2.89,81.99,87.77,345.15,,,2.68,,0.6355,2460600.5,0.000146,1.55,"Otto Matic"
"620103 (2018 LC3)",Y,Y,1.346,0.5479,44.36,111.17,76.26,55.37,,,,,0.6312,2460600.5,0.0499,1.56,"Otto Matic"
"620107 (2020 XK7)",Y,Y,2.012,0.5593,8.08,197.59,26.95,81.97,,,40.9,,0.3454,2460600.5,0.0403,2.85,"Otto Matic"
"621890 (2011 PO1)",Y,Y,2.515,0.6346,5.74,210.64,166.79,98.78,,,,,0.2471,2460600.5,0.0343,3.99,"Otto Matic"
"627157 (2008 OX1)",Y,Y,1.206,0.2776,29.74,304.82,281.35,138.09,,,,,0.7441,2460600.5,0.036,1.32,"Otto Matic"
"657084 (2016 GT220)",Y,Y,1.608,0.3799,23.65,3.09,27.02,244.19,,,,,0.4835,2460600.5,0.0243,2.04,"Otto Matic"
"660096 (1998 SL36)",Y,Y,1.391,0.4181,19.06,353.08,116.80,253.30,,,,,0.6009,2460600.5,0.0197,1.64,"Otto Matic"
"666729 (2010 TV149)",Y,Y,1.699,0.5188,9.79,78.58,42.90,76.23,,,,,0.445,2460600.5,0.0443,2.21,"Otto Matic"
"667255 (2011 EG17)",Y,Y,1.38,0.4188,20.11,170.10,241.55,210.56,,,,,0.6078,2460600.5,0.0434,1.62,"Otto Matic"
"668949 (2012 PP28)",Y,Y,1.989,0.6067,5.67,254.05,133.68,100.32,,,,,0.3513,2460600.5,0.0265,2.81,"Otto Matic"
"669051 (2012 SD22)",Y,Y,1.964,0.5727,7.91,140.22,313.83,105.48,,,,,0.3581,2460600.5,0.0167,2.75,"Otto Matic"
"669555 (2012 YQ1)",Y,Y,1.998,0.5627,5.15,120.01,42.26,50.22,,,,,0.349,2460600.5,0.00575,2.82,"Otto Matic"
"671294 (2014 JO25)",Y,Y,2.066,0.8867,25.16,30.28,49.91,201.55,,,4.5286,,0.3319,2460600.5,0.00684,2.97,"Otto Matic"
"671970 (2014 QO296)",Y,Y,1.835,0.4701,10.94,193.51,30.72,59.12,,,,,0.3964,2460600.5,0.0147,2.49,"Otto Matic"
"672457 (2014 UR116)",Y,Y,2.07,0.7278,6.57,5.81,286.96,142.70,,,17.751,,0.3309,2460600.5,0.0292,2.98,"Otto Matic"
"672745 (2014 WV363)",Y,Y,1.846,0.5158,5.53,77.95,210.03,18.13,,,,,0.393,2460600.5,0.0294,2.51,"Otto Matic"
"673011 (2015 AR45)",Y,Y,1.385,0.7013,9.23,114.35,239.63,38.07,,,,,0.6044,2460600.5,0.0176,1.63,"Otto Matic"
"673713 (2015 FQ117)",Y,Y,0.8606,0.6205,4.55,293.85,63.12,178.08,,,,,1.235,2460600.5,0.0281,0.798,"Otto Matic"
"674590 (2015 RH2)",Y,Y,1.218,0.2666,5.36,332.38,115.37,210.05,,,10.672,,0.7333,2460600.5,0.0119,1.34,"Otto Matic"
"675603 (2015 XE352)",Y,Y,1.335,0.3891,2.05,45.18,225.54,45.42,,,6.9182,,0.6388,2460600.5,0.0147,1.54,"Otto Matic"
"678413 (2017 SV20)",Y,Y,1.303,0.3054,22.73,110.86,119.66,52.25,,,,,0.6625,2460600.5,0.00928,1.49,"Otto Matic"
"678715 (2017 VV14)",Y,Y,2.24,0.8450,15.89,77.93,234.76,48.24,,,,,0.294,2460600.5,0.0493,3.35,"Otto Matic"
"678927 (2018 BP)",Y,Y,1.557,0.3977,3.33,183.28,216.51,197.14,,,0.9476,,0.5075,2460600.5,0.00307,1.94,"Otto Matic"
"678976 (2018 EH4)",Y,Y,2.06,0.6126,6.19,2.83,75.23,104.41,,,,,0.3333,2460600.5,0.0241,2.96,"Otto Matic"
"679440 (2019 GT2)",Y,Y,1.84,0.5108,6.74,88.38,343.89,158.02,,,,,0.395,2460600.5,0.0439,2.5,"Otto Matic"
"679655 (2020 BS12)",Y,Y,1.49,0.7457,4.63,311.97,90.29,241.41,,,,,0.5418,2460600.5,0.0356,1.82,"Otto Matic"
"679656 (2020 BP13)",Y,Y,1.568,0.3525,8.14,208.99,357.32,93.49,,,,,0.5021,2460600.5,0.0129,1.96,"Otto Matic"
"679786 (2020 QG3)",Y,Y,2.089,0.5654,7.43,186.56,229.76,113.31,,,,,0.3265,2460600.5,0.0162,3.02,"Otto Matic"
"679814 (2020 TH5)",Y,Y,1.425,0.3985,4.60,175.77,326.46,54.43,,,,,0.5795,2460600.5,0.0346,1.7,"Otto Matic"
"679885 (2021 NQ5)",Y,Y,1.611,0.4937,1.42,115.35,299.07,166.37,,,,,0.4818,2460600.5,7.29e-05,2.05,"Otto Matic"
"686964 (2011 GM44)",Y,Y,0.7817,0.5191,49.33,10.82,37.53,308.26,,,,,1.426,2460600.5,0.022,0.691,"Otto Matic"
"696513 (2016 NL56)",Y,Y,1.407,0.5450,4.60,340.90,87.43,270.79,,,,,0.5908,2460600.5,0.00357,1.67,"Otto Matic"
"712200 (2014 SM143)",Y,Y,1.206,0.4226,24.21,28.81,89.64,153.82,,,2.91,,0.7445,2460600.5,0.00531,1.32,"Otto Matic"
"719194 (2018 PL23)",Y,Y,1.567,0.7870,14.35,178.29,293.68,341.87,,,,,0.5024,2460600.5,0.0314,1.96,"Otto Matic"
